{
  "type": "FeatureCollection",
  "features": [
    {
      "type": "Feature",
      "properties": {
        "precinct_id": "carlton",
        "suburb": "Carlton",
        "boundary_source": "Vicmap Admin locality clipped to Melbourne LGA",
        "suburb_area_km2": 1.7486,
        "precinct_area_ha": 174.8562,
        "canopy_area_km2": 0.2782,
        "canopy_coverage_pct": 15.91,
        "plant_species_count": 442,
        "animal_species_count": 46,
        "plant_density_per_ha": 2.527792,
        "animal_density_per_ha": 0.263073,
        "species_density_per_ha": 2.790865,
        "pollinator_flowering_plant_species_count": 42,
        "pollinator_insect_species_count": 16,
        "relevant_bird_species_count": 30,
        "tree_record_count": 4352,
        "garden_plant_row_count": 1058,
        "canopy_polygon_count": 7890,
        "pollinator_insect_occurrence_count": 64,
        "relevant_bird_occurrence_count": 2289,
        "address_count": 7402,
        "pollination_corridor_count": null,
        "pollination_corridor_status": "not_available_until_iteration_2_review",
        "canopy_score_0_100": 56.76,
        "plant_density_score_0_100": 67.84,
        "animal_density_score_0_100": 67.08,
        "biodiversity_score_0_100": 63.89,
        "biodiversity_score_version": "v1_provisional_canopy_plant_animal"
      },
      "geometry": {
        "type": "Polygon",
        "coordinates": [
          [
            [
              144.97400782800003,
              -37.80311035008592
            ],
            [
              144.9732032500001,
              -37.80783371208593
            ],
            [
              144.97318814900007,
              -37.8079228450859
            ],
            [
              144.9730761830001,
              -37.807910723085904
            ],
            [
              144.97136269600003,
              -37.807728331085904
            ],
            [
              144.97093593300008,
              -37.807517741085924
            ],
            [
              144.95993581000005,
              -37.80634033808594
            ],
            [
              144.96008978500004,
              -37.80544447008591
            ],
            [
              144.95948270200006,
              -37.804144993085934
            ],
            [
              144.9584710570001,
              -37.80192795408594
            ],
            [
              144.95883084800005,
              -37.79986157908599
            ],
            [
              144.96113381700002,
              -37.80012137308598
            ],
            [
              144.96397798200007,
              -37.80042587208596
            ],
            [
              144.96461089800005,
              -37.796845559086
            ],
            [
              144.9645959940001,
              -37.79678523808601
            ],
            [
              144.965207146,
              -37.79314749408604
            ],
            [
              144.96526423800003,
              -37.793159484086004
            ],
            [
              144.96542122000005,
              -37.79318654608602
            ],
            [
              144.96558021400006,
              -37.793205972086014
            ],
            [
              144.9657392690001,
              -37.79321898008602
            ],
            [
              144.96590024400007,
              -37.79322600508602
            ],
            [
              144.9660612230001,
              -37.79322599108605
            ],
            [
              144.966221194,
              -37.79321802708603
            ],
            [
              144.9666447410001,
              -37.793180036086035
            ],
            [
              144.9667333120001,
              -37.793168068086004
            ],
            [
              144.96673425300003,
              -37.79316799808601
            ],
            [
              144.96685231100003,
              -37.79314903508602
            ],
            [
              144.96698725800002,
              -37.79311998308601
            ],
            [
              144.96711913900003,
              -37.79308277808605
            ],
            [
              144.9672150660001,
              -37.793050688086055
            ],
            [
              144.9673089800001,
              -37.793013549086034
            ],
            [
              144.96743197800004,
              -37.792959478086004
            ],
            [
              144.96751996900002,
              -37.79291451408603
            ],
            [
              144.96763314500004,
              -37.79284957908601
            ],
            [
              144.96773939700006,
              -37.792777574086024
            ],
            [
              144.9678153100001,
              -37.79271871408606
            ],
            [
              144.96788614900004,
              -37.79265996908601
            ],
            [
              144.96797598600006,
              -37.79257426208602
            ],
            [
              144.9680380220001,
              -37.79250833308601
            ],
            [
              144.96811515600007,
              -37.79241562108604
            ],
            [
              144.96816566000007,
              -37.79234250908605
            ],
            [
              144.9681875660001,
              -37.792324449086045
            ],
            [
              144.96822931500003,
              -37.79229732508606
            ],
            [
              144.96827718200007,
              -37.79227723308607
            ],
            [
              144.96828051600005,
              -37.79227649708606
            ],
            [
              144.96832306200008,
              -37.79226713108602
            ],
            [
              144.96838983800012,
              -37.79226019408606
            ],
            [
              144.97134908100008,
              -37.792578461086016
            ],
            [
              144.97571568900003,
              -37.79304741108604
            ],
            [
              144.9757008140001,
              -37.793135291086
            ],
            [
              144.97570056400002,
              -37.79313666408604
            ],
            [
              144.97531283700005,
              -37.79543052008601
            ],
            [
              144.9748780550001,
              -37.797942042086014
            ],
            [
              144.974327183,
              -37.801214438085985
            ],
            [
              144.97400782800003,
              -37.80311035008592
            ]
          ]
        ]
      }
    },
    {
      "type": "Feature",
      "properties": {
        "precinct_id": "central_city",
        "suburb": "Central City",
        "boundary_source": "Vicmap Admin locality clipped to Melbourne LGA",
        "suburb_area_km2": 5.3409,
        "precinct_area_ha": 534.0867,
        "canopy_area_km2": 0.9817,
        "canopy_coverage_pct": 18.38,
        "plant_species_count": 797,
        "animal_species_count": 101,
        "plant_density_per_ha": 1.492267,
        "animal_density_per_ha": 0.189108,
        "species_density_per_ha": 1.681375,
        "pollinator_flowering_plant_species_count": 46,
        "pollinator_insect_species_count": 51,
        "relevant_bird_species_count": 50,
        "tree_record_count": 9184,
        "garden_plant_row_count": 1811,
        "canopy_polygon_count": 15440,
        "pollinator_insect_occurrence_count": 361,
        "relevant_bird_occurrence_count": 55783,
        "address_count": 14896,
        "pollination_corridor_count": null,
        "pollination_corridor_status": "not_available_until_iteration_2_review",
        "canopy_score_0_100": 68.0,
        "plant_density_score_0_100": 31.96,
        "animal_density_score_0_100": 43.75,
        "biodiversity_score_0_100": 47.9,
        "biodiversity_score_version": "v1_provisional_canopy_plant_animal"
      },
      "geometry": {
        "type": "MultiPolygon",
        "coordinates": [
          [
            [
              [
                144.9878003550001,
                -37.82954654908575
              ],
              [
                144.98660756200002,
                -37.828405254085745
              ],
              [
                144.98616315800007,
                -37.82808762708572
              ],
              [
                144.98571221500004,
                -37.82786936008576
              ],
              [
                144.98503875000006,
                -37.82768775908575
              ],
              [
                144.9849862310001,
                -37.82767347908573
              ],
              [
                144.9848511230001,
                -37.82835184608576
              ],
              [
                144.98367785400012,
                -37.83429268708569
              ],
              [
                144.98253383300005,
                -37.834144214085725
              ],
              [
                144.97890446100007,
                -37.83367891008569
              ],
              [
                144.97890544100005,
                -37.8336798390857
              ],
              [
                144.97860164300005,
                -37.83520000708569
              ],
              [
                144.97763076400008,
                -37.8350725320857
              ],
              [
                144.9766746560001,
                -37.83494894008568
              ],
              [
                144.97589059400002,
                -37.83485387108567
              ],
              [
                144.97586583600003,
                -37.834943639085694
              ],
              [
                144.97581339500005,
                -37.83519394808572
              ],
              [
                144.97581378400002,
                -37.83521610708567
              ],
              [
                144.9758138310001,
                -37.83522149208569
              ],
              [
                144.97582016,
                -37.835235979085674
              ],
              [
                144.97585620000007,
                -37.8353170580857
              ],
              [
                144.9758638950001,
                -37.835336333085706
              ],
              [
                144.97587421800006,
                -37.83535930608571
              ],
              [
                144.97588203100008,
                -37.83537718808571
              ],
              [
                144.97592010800008,
                -37.83538145008566
              ],
              [
                144.97598680800002,
                -37.835389925085686
              ],
              [
                144.97598400200002,
                -37.8354034410857
              ],
              [
                144.97645427500004,
                -37.835464491085695
              ],
              [
                144.9765649630001,
                -37.835477656085686
              ],
              [
                144.97625029800008,
                -37.83701034808569
              ],
              [
                144.97742170800007,
                -37.837160975085666
              ],
              [
                144.9774973090001,
                -37.83735648308566
              ],
              [
                144.9776882860001,
                -37.83787987108569
              ],
              [
                144.97778390300005,
                -37.83814203108567
              ],
              [
                144.9778291340001,
                -37.83826604708568
              ],
              [
                144.97797468200008,
                -37.838664340085664
              ],
              [
                144.9780391260001,
                -37.838840836085666
              ],
              [
                144.9781339650001,
                -37.839102175085685
              ],
              [
                144.97833425800002,
                -37.83965143208567
              ],
              [
                144.97851525600004,
                -37.84014764308564
              ],
              [
                144.9786105170001,
                -37.84040884708568
              ],
              [
                144.97880112000007,
                -37.84093146808563
              ],
              [
                144.97886520100008,
                -37.84110329208564
              ],
              [
                144.97905563300003,
                -37.84162562108566
              ],
              [
                144.97915087100012,
                -37.84188683708562
              ],
              [
                144.97924609200004,
                -37.84214801408564
              ],
              [
                144.97934236100002,
                -37.8424123300856
              ],
              [
                144.97943450700006,
                -37.84266464608561
              ],
              [
                144.97953198100004,
                -37.84293229408564
              ],
              [
                144.97972210300009,
                -37.843453746085615
              ],
              [
                144.9798183800001,
                -37.84371775908561
              ],
              [
                144.98001047000002,
                -37.84423959708561
              ],
              [
                144.98024758700012,
                -37.84488368208563
              ],
              [
                144.98030453900003,
                -37.84506005008561
              ],
              [
                144.98490629000003,
                -37.84566947208558
              ],
              [
                144.9850229210001,
                -37.84568738408561
              ],
              [
                144.98500722300003,
                -37.84577624808563
              ],
              [
                144.98500719300011,
                -37.84577642808561
              ],
              [
                144.9845472720001,
                -37.848480934085565
              ],
              [
                144.984223551,
                -37.85053996308556
              ],
              [
                144.98421690400005,
                -37.85057788508555
              ],
              [
                144.98421688300004,
                -37.85057800508559
              ],
              [
                144.9842013000001,
                -37.85066737808557
              ],
              [
                144.9840911550001,
                -37.850653154085585
              ],
              [
                144.9840891450001,
                -37.85065289408555
              ],
              [
                144.98234968300005,
                -37.85042923008557
              ],
              [
                144.98234966475607,
                -37.85042931474222
              ],
              [
                144.98118021200003,
                -37.85027895908558
              ],
              [
                144.98064252200004,
                -37.85021931108559
              ],
              [
                144.975528778,
                -37.836193085085704
              ],
              [
                144.97550693200003,
                -37.836136437085706
              ],
              [
                144.97547062500007,
                -37.83605277008569
              ],
              [
                144.97543003900012,
                -37.83597032308568
              ],
              [
                144.9749810820001,
                -37.835207270085675
              ],
              [
                144.97494956800006,
                -37.83515659608571
              ],
              [
                144.97491361700008,
                -37.83510697808566
              ],
              [
                144.9748737960001,
                -37.83505925408573
              ],
              [
                144.97419858400008,
                -37.83427877408572
              ],
              [
                144.97416401700002,
                -37.834243898085695
              ],
              [
                144.9741179340001,
                -37.8342026370857
              ],
              [
                144.97406853500001,
                -37.834163866085724
              ],
              [
                144.97401604200002,
                -37.8341277250857
              ],
              [
                144.973612311,
                -37.8338571670857
              ],
              [
                144.972799505,
                -37.833287346085704
              ],
              [
                144.9727187090001,
                -37.83323455108572
              ],
              [
                144.97264088800011,
                -37.833179045085686
              ],
              [
                144.97256616700008,
                -37.833120905085735
              ],
              [
                144.97249472700003,
                -37.833060212085705
              ],
              [
                144.97242664600003,
                -37.83299715308568
              ],
              [
                144.97236208700008,
                -37.83293178508571
              ],
              [
                144.9723011630001,
                -37.83286428808567
              ],
              [
                144.97225648200003,
                -37.83281050608573
              ],
              [
                144.97180007200006,
                -37.8322801680857
              ],
              [
                144.97174158600012,
                -37.83217407708574
              ],
              [
                144.9716872990001,
                -37.83206655408573
              ],
              [
                144.9716372050001,
                -37.83195773008569
              ],
              [
                144.9715913880001,
                -37.831847738085706
              ],
              [
                144.9715499460001,
                -37.831736678085726
              ],
              [
                144.97151284000006,
                -37.8316246640857
              ],
              [
                144.97148018100006,
                -37.8315117710857
              ],
              [
                144.971451945,
                -37.83139814308569
              ],
              [
                144.97142818100008,
                -37.83128385008573
              ],
              [
                144.9714089160001,
                -37.83116905008573
              ],
              [
                144.9713961760001,
                -37.83107211208573
              ],
              [
                144.97137112500002,
                -37.83079613408572
              ],
              [
                144.97135067500005,
                -37.830519941085726
              ],
              [
                144.97133476800002,
                -37.83024353708571
              ],
              [
                144.97132337100004,
                -37.82996697908572
              ],
              [
                144.97132155600002,
                -37.82989486808571
              ],
              [
                144.9713221720001,
                -37.82980513008574
              ],
              [
                144.97133405500006,
                -37.82865275808575
              ],
              [
                144.97142109700007,
                -37.82747854308577
              ],
              [
                144.97142411100003,
                -37.82743751308574
              ],
              [
                144.97142168400012,
                -37.827260007085734
              ],
              [
                144.97141227600002,
                -37.82705661608579
              ],
              [
                144.9713994020001,
                -37.826879681085764
              ],
              [
                144.97137657700011,
                -37.826678367085734
              ],
              [
                144.9713504880001,
                -37.82650136608574
              ],
              [
                144.97131559000002,
                -37.82630038108575
              ],
              [
                144.97127766000006,
                -37.826125692085746
              ],
              [
                144.97123334200012,
                -37.82594818608575
              ],
              [
                144.971149759,
                -37.82565381108579
              ],
              [
                144.97104871700003,
                -37.82535985008578
              ],
              [
                144.970932521,
                -37.825070374085755
              ],
              [
                144.970127272,
                -37.82331580708579
              ],
              [
                144.96975547300008,
                -37.822507794085816
              ],
              [
                144.9689407200001,
                -37.82071959308582
              ],
              [
                144.96826475500006,
                -37.81924274708583
              ],
              [
                144.9680817530001,
                -37.819260102085835
              ],
              [
                144.96779072700008,
                -37.81929301408583
              ],
              [
                144.96750012000007,
                -37.81932777508583
              ],
              [
                144.96697183700007,
                -37.8193968620858
              ],
              [
                144.966443926,
                -37.8194691520858
              ],
              [
                144.96633839100002,
                -37.81948423908582
              ],
              [
                144.96623435300012,
                -37.81950031308584
              ],
              [
                144.96604405800008,
                -37.81953777908582
              ],
              [
                144.96585686600008,
                -37.819578173085816
              ],
              [
                144.96559527400007,
                -37.81963596908584
              ],
              [
                144.96533335700008,
                -37.819693252085834
              ],
              [
                144.9647377770001,
                -37.81982168508581
              ],
              [
                144.964142121,
                -37.81994705708583
              ],
              [
                144.9633709210001,
                -37.8201021990858
              ],
              [
                144.9626028770001,
                -37.82025816708582
              ],
              [
                144.9618998620001,
                -37.82040515208582
              ],
              [
                144.9612004180001,
                -37.820555125085775
              ],
              [
                144.959914055,
                -37.8211799740858
              ],
              [
                144.95862719100012,
                -37.821802752085766
              ],
              [
                144.95741696400012,
                -37.82239074108582
              ],
              [
                144.95620686200004,
                -37.82297912608578
              ],
              [
                144.95599224800003,
                -37.82307921808581
              ],
              [
                144.9514355450001,
                -37.81316790208588
              ],
              [
                144.95644525900002,
                -37.81175240908587
              ],
              [
                144.9553922350001,
                -37.80948684708588
              ],
              [
                144.9554593580001,
                -37.8090888130859
              ],
              [
                144.95599421300005,
                -37.805880834085954
              ],
              [
                144.9584601240001,
                -37.80615013008594
              ],
              [
                144.95747151800003,
                -37.80397059308596
              ],
              [
                144.95664442400005,
                -37.80216723608594
              ],
              [
                144.95672402900004,
                -37.80167864308594
              ],
              [
                144.95671523400006,
                -37.80099101708595
              ],
              [
                144.95503341100004,
                -37.79965344708598
              ],
              [
                144.9550810720001,
                -37.79944736108599
              ],
              [
                144.95758141300007,
                -37.79971854508598
              ],
              [
                144.95883084800005,
                -37.79986157908599
              ],
              [
                144.9584710570001,
                -37.80192795408594
              ],
              [
                144.95948270200006,
                -37.804144993085934
              ],
              [
                144.96008978500004,
                -37.80544447008591
              ],
              [
                144.95993581000005,
                -37.80634033808594
              ],
              [
                144.97093593300008,
                -37.807517741085924
              ],
              [
                144.97136269600003,
                -37.807728331085904
              ],
              [
                144.97487045100002,
                -37.81528614908586
              ],
              [
                144.97471370800008,
                -37.81588559808584
              ],
              [
                144.9753846540001,
                -37.815976326085824
              ],
              [
                144.97543669100003,
                -37.81609273508586
              ],
              [
                144.97568529000011,
                -37.816644144085835
              ],
              [
                144.97607931400012,
                -37.81678852508587
              ],
              [
                144.97617749500012,
                -37.81682449908582
              ],
              [
                144.97620230600012,
                -37.81684864708584
              ],
              [
                144.9766481380001,
                -37.817282538085834
              ],
              [
                144.97673217500005,
                -37.81733856108586
              ],
              [
                144.97681610200004,
                -37.81739450508584
              ],
              [
                144.9773049590001,
                -37.81771926208584
              ],
              [
                144.97792812800003,
                -37.81813559408581
              ],
              [
                144.97796417200004,
                -37.818140490085824
              ],
              [
                144.97804266000003,
                -37.81815116208587
              ],
              [
                144.9780873520001,
                -37.81814755608584
              ],
              [
                144.97812012000009,
                -37.81811399508583
              ],
              [
                144.97828283800004,
                -37.81813614208582
              ],
              [
                144.97841193400006,
                -37.818216613085816
              ],
              [
                144.97867389600003,
                -37.818246007085826
              ],
              [
                144.9786132260001,
                -37.8185925450858
              ],
              [
                144.98233564200007,
                -37.82081415708581
              ],
              [
                144.9837312100001,
                -37.82159839908581
              ],
              [
                144.98403418600003,
                -37.82175008808582
              ],
              [
                144.98532763700007,
                -37.82230373908577
              ],
              [
                144.98584563200006,
                -37.82249463908577
              ],
              [
                144.9867043590001,
                -37.822768819085795
              ],
              [
                144.98704030300007,
                -37.82285565708581
              ],
              [
                144.98909675400012,
                -37.82311812708579
              ],
              [
                144.98908174300004,
                -37.82320547308579
              ],
              [
                144.9890815330001,
                -37.82320671208576
              ],
              [
                144.98904956,
                -37.823430069085795
              ],
              [
                144.98885938500007,
                -37.82453389508575
              ],
              [
                144.98885917500002,
                -37.82453517408576
              ],
              [
                144.98884433000012,
                -37.82462388608579
              ],
              [
                144.98882446300001,
                -37.82462179108579
              ],
              [
                144.98833227400007,
                -37.82750738708575
              ],
              [
                144.98806959400008,
                -37.82888503808572
              ],
              [
                144.9879915570001,
                -37.82925071008572
              ],
              [
                144.987925162,
                -37.829617414085746
              ],
              [
                144.987918744,
                -37.829655506085764
              ],
              [
                144.9878003550001,
                -37.82954654908575
              ]
            ]
          ],
          [
            [
              [
                144.97041002600008,
                -37.830159353085705
              ],
              [
                144.9705165050001,
                -37.83012845308575
              ],
              [
                144.97051663500008,
                -37.83012841308571
              ],
              [
                144.97132155600002,
                -37.82989486808571
              ],
              [
                144.97041002737942,
                -37.830159378208016
              ],
              [
                144.97041002600008,
                -37.830159353085705
              ]
            ]
          ]
        ]
      }
    },
    {
      "type": "Feature",
      "properties": {
        "precinct_id": "docklands",
        "suburb": "Docklands",
        "boundary_source": "Vicmap Admin locality clipped to Melbourne LGA",
        "suburb_area_km2": 2.5687,
        "precinct_area_ha": 256.8733,
        "canopy_area_km2": 0.0882,
        "canopy_coverage_pct": 3.44,
        "plant_species_count": 417,
        "animal_species_count": 32,
        "plant_density_per_ha": 1.623368,
        "animal_density_per_ha": 0.124575,
        "species_density_per_ha": 1.747943,
        "pollinator_flowering_plant_species_count": 37,
        "pollinator_insect_species_count": 7,
        "relevant_bird_species_count": 25,
        "tree_record_count": 5534,
        "garden_plant_row_count": 1830,
        "canopy_polygon_count": 5200,
        "pollinator_insect_occurrence_count": 14,
        "relevant_bird_occurrence_count": 2640,
        "address_count": 3648,
        "pollination_corridor_count": null,
        "pollination_corridor_status": "not_available_until_iteration_2_review",
        "canopy_score_0_100": 0.0,
        "plant_density_score_0_100": 36.5,
        "animal_density_score_0_100": 23.4,
        "biodiversity_score_0_100": 19.97,
        "biodiversity_score_version": "v1_provisional_canopy_plant_animal"
      },
      "geometry": {
        "type": "Polygon",
        "coordinates": [
          [
            [
              144.9378447470001,
              -37.82312924508578
            ],
            [
              144.93155855200007,
              -37.821810285085796
            ],
            [
              144.93112290400006,
              -37.82171904208582
            ],
            [
              144.93117087100006,
              -37.82158482408579
            ],
            [
              144.93119904600007,
              -37.82150637308582
            ],
            [
              144.93139297300002,
              -37.82096255608582
            ],
            [
              144.931451035,
              -37.82079948408581
            ],
            [
              144.9314518540001,
              -37.82079726108583
            ],
            [
              144.931488402,
              -37.82069816808581
            ],
            [
              144.93178936800007,
              -37.81988415708584
            ],
            [
              144.9317945370001,
              -37.81987013508582
            ],
            [
              144.931922836,
              -37.819521015085805
            ],
            [
              144.9317957280001,
              -37.81949264008582
            ],
            [
              144.93172948500012,
              -37.819398773085844
            ],
            [
              144.93177653300006,
              -37.81926954208583
            ],
            [
              144.93189587100005,
              -37.81921811408582
            ],
            [
              144.93202663700004,
              -37.8192487590858
            ],
            [
              144.93245806200002,
              -37.81806544308582
            ],
            [
              144.93248176300006,
              -37.81806418708581
            ],
            [
              144.93255524000006,
              -37.81786320008585
            ],
            [
              144.93262639500006,
              -37.817879765085856
            ],
            [
              144.93264389900003,
              -37.81783221708585
            ],
            [
              144.93286828200007,
              -37.81722267508586
            ],
            [
              144.932989861,
              -37.81689239508583
            ],
            [
              144.93304599600003,
              -37.81673989808586
            ],
            [
              144.93315187000007,
              -37.816699577085814
            ],
            [
              144.93312641700004,
              -37.81665751308586
            ],
            [
              144.93308055500006,
              -37.81658171708584
            ],
            [
              144.9330887850001,
              -37.81655933008584
            ],
            [
              144.93314781100003,
              -37.816397018085844
            ],
            [
              144.9332307940001,
              -37.81616891908583
            ],
            [
              144.93335080300005,
              -37.81580641008588
            ],
            [
              144.93345561500007,
              -37.815450005085836
            ],
            [
              144.93355639700007,
              -37.81505576808587
            ],
            [
              144.9336344720001,
              -37.81465810708585
            ],
            [
              144.93364887300004,
              -37.81454503208584
            ],
            [
              144.9342043050001,
              -37.814119200085884
            ],
            [
              144.93434451500002,
              -37.81407946008585
            ],
            [
              144.93442430800008,
              -37.81261131508588
            ],
            [
              144.93447231400012,
              -37.812321532085846
            ],
            [
              144.93488391300002,
              -37.809840828085875
            ],
            [
              144.93519125800003,
              -37.809884854085894
            ],
            [
              144.9352805200001,
              -37.80989964908591
            ],
            [
              144.93536965400006,
              -37.80991493508592
            ],
            [
              144.93544258000009,
              -37.809927864085914
            ],
            [
              144.93550321400005,
              -37.80962651108591
            ],
            [
              144.93578215900004,
              -37.80966487308591
            ],
            [
              144.93593383000007,
              -37.80968775808592
            ],
            [
              144.93627739300007,
              -37.80973958708589
            ],
            [
              144.93672568500006,
              -37.80984737708592
            ],
            [
              144.93741894100003,
              -37.8100380150859
            ],
            [
              144.93784635400004,
              -37.81018507408587
            ],
            [
              144.93866465000008,
              -37.8104915940859
            ],
            [
              144.93904062800004,
              -37.81064456008588
            ],
            [
              144.9397487660001,
              -37.8109326720859
            ],
            [
              144.94024455600004,
              -37.81116587508589
            ],
            [
              144.9409152490001,
              -37.811524771085914
            ],
            [
              144.94155028700004,
              -37.81188453808587
            ],
            [
              144.9422087060001,
              -37.81228587608588
            ],
            [
              144.94253958100012,
              -37.812495159085884
            ],
            [
              144.9430000640001,
              -37.81273522608588
            ],
            [
              144.94306738400007,
              -37.81277196508588
            ],
            [
              144.9431946200001,
              -37.8127232000859
            ],
            [
              144.9446699780001,
              -37.81215883308587
            ],
            [
              144.94494618900012,
              -37.812053173085886
            ],
            [
              144.94507461500007,
              -37.81200404608589
            ],
            [
              144.9452276820001,
              -37.811945487085865
            ],
            [
              144.94544600000006,
              -37.81186197308589
            ],
            [
              144.94567389500003,
              -37.81177477808588
            ],
            [
              144.94581149900011,
              -37.811722150085885
            ],
            [
              144.94598709100012,
              -37.81165496908588
            ],
            [
              144.946021308,
              -37.81164187508588
            ],
            [
              144.94644274000007,
              -37.811481594085905
            ],
            [
              144.94782303600005,
              -37.8109560740859
            ],
            [
              144.94811624300007,
              -37.811532952085905
            ],
            [
              144.9503272290001,
              -37.81347987508588
            ],
            [
              144.9514355450001,
              -37.81316790208588
            ],
            [
              144.95599224800003,
              -37.82307921808581
            ],
            [
              144.95581660200003,
              -37.823148640085755
            ],
            [
              144.95575410800006,
              -37.823173442085796
            ],
            [
              144.95563294500005,
              -37.823223653085776
            ],
            [
              144.9555205160001,
              -37.82326672608581
            ],
            [
              144.95540633100006,
              -37.82330596808576
            ],
            [
              144.9552792300001,
              -37.823343152085776
            ],
            [
              144.95453462600005,
              -37.82350043708576
            ],
            [
              144.95376512600012,
              -37.82362697808582
            ],
            [
              144.95335875600006,
              -37.823699871085786
            ],
            [
              144.95322840900008,
              -37.82371666308578
            ],
            [
              144.9531635410001,
              -37.82372479108577
            ],
            [
              144.95304856600012,
              -37.823732742085774
            ],
            [
              144.95296656900007,
              -37.82373468508579
            ],
            [
              144.95273043300006,
              -37.823720550085774
            ],
            [
              144.95248542100012,
              -37.8236958230858
            ],
            [
              144.95225937400005,
              -37.82366542408577
            ],
            [
              144.95202188700011,
              -37.82364181808576
            ],
            [
              144.9517837420001,
              -37.82363766808576
            ],
            [
              144.95153356900005,
              -37.82364128608576
            ],
            [
              144.9508597990001,
              -37.82362270708579
            ],
            [
              144.95016222900006,
              -37.8235746160858
            ],
            [
              144.9496104960001,
              -37.823516350085804
            ],
            [
              144.94907305000004,
              -37.823448049085805
            ],
            [
              144.94837057300003,
              -37.823361145085805
            ],
            [
              144.948363878,
              -37.82337866408579
            ],
            [
              144.94835624600012,
              -37.823400817085805
            ],
            [
              144.94834950100005,
              -37.823422863085774
            ],
            [
              144.94834351400004,
              -37.823445066085775
            ],
            [
              144.948338271,
              -37.823467452085815
            ],
            [
              144.9483338660001,
              -37.8234898720858
            ],
            [
              144.94833022800003,
              -37.823512399085786
            ],
            [
              144.94832733600003,
              -37.823535074085775
            ],
            [
              144.94832524100002,
              -37.8235578120858
            ],
            [
              144.94832396300012,
              -37.82358054008578
            ],
            [
              144.94832347400006,
              -37.823603288085785
            ],
            [
              144.9483237940001,
              -37.823626060085815
            ],
            [
              144.9483249010001,
              -37.82364883008577
            ],
            [
              144.94832680800005,
              -37.82367156908575
            ],
            [
              144.9483288550001,
              -37.823699708085805
            ],
            [
              144.94833158200004,
              -37.82372781608579
            ],
            [
              144.94833499900005,
              -37.82375587408579
            ],
            [
              144.94833909500005,
              -37.8237838830858
            ],
            [
              144.94834393100007,
              -37.82381207708577
            ],
            [
              144.94834946100002,
              -37.823840304085806
            ],
            [
              144.9484040310001,
              -37.8240674700858
            ],
            [
              144.94840482600011,
              -37.82407051308579
            ],
            [
              144.94842585600009,
              -37.82415178608578
            ],
            [
              144.94846513800007,
              -37.82430202408577
            ],
            [
              144.9484754880001,
              -37.82430317108576
            ],
            [
              144.94849528500004,
              -37.824377710085784
            ],
            [
              144.9485013970001,
              -37.824376689085774
            ],
            [
              144.9485058020001,
              -37.824393262085756
            ],
            [
              144.94849968900007,
              -37.824394286085784
            ],
            [
              144.94858090900004,
              -37.82469956308577
            ],
            [
              144.94860747100006,
              -37.82537432108576
            ],
            [
              144.94853672200009,
              -37.825711347085786
            ],
            [
              144.9485366120001,
              -37.82571185708578
            ],
            [
              144.94869900600008,
              -37.82594885908579
            ],
            [
              144.94886559300005,
              -37.826060079085735
            ],
            [
              144.94883759900006,
              -37.82611834608579
            ],
            [
              144.94882486200004,
              -37.826144854085754
            ],
            [
              144.94869944800007,
              -37.8261150780858
            ],
            [
              144.94865685000002,
              -37.826233972085745
            ],
            [
              144.94804529100008,
              -37.82605013808576
            ],
            [
              144.94789886900003,
              -37.826206067085785
            ],
            [
              144.94763258600005,
              -37.82649011908577
            ],
            [
              144.947513414,
              -37.82661729308577
            ],
            [
              144.94817931600005,
              -37.82669064408579
            ],
            [
              144.94816190900008,
              -37.82676025608574
            ],
            [
              144.94916287800004,
              -37.82691661508574
            ],
            [
              144.94914565076587,
              -37.82702320279162
            ],
            [
              144.9491384936138,
              -37.82702208936962
            ],
            [
              144.94911503600008,
              -37.82701802808573
            ],
            [
              144.9485240880001,
              -37.82692807108573
            ],
            [
              144.948134653,
              -37.82688308008575
            ],
            [
              144.94812965800008,
              -37.826911893085786
            ],
            [
              144.94812945700005,
              -37.826913072085766
            ],
            [
              144.94743584900004,
              -37.82683723408577
            ],
            [
              144.94693967000012,
              -37.82680707208576
            ],
            [
              144.94654076100005,
              -37.82678451008577
            ],
            [
              144.9464490030001,
              -37.826712243085765
            ],
            [
              144.94642482400002,
              -37.82669584008575
            ],
            [
              144.94640422400005,
              -37.826682792085776
            ],
            [
              144.94635661400002,
              -37.826659251085765
            ],
            [
              144.94630676500003,
              -37.82663884908574
            ],
            [
              144.94625499500012,
              -37.826621727085765
            ],
            [
              144.9462016550001,
              -37.826607971085785
            ],
            [
              144.9461884540001,
              -37.82660515108576
            ],
            [
              144.9455932180001,
              -37.82650018408574
            ],
            [
              144.94527626,
              -37.826484412085755
            ],
            [
              144.94282316300007,
              -37.82605305008578
            ],
            [
              144.94207948400003,
              -37.82597599608575
            ],
            [
              144.9417028150001,
              -37.82595672708574
            ],
            [
              144.94151168300004,
              -37.825971044085776
            ],
            [
              144.94142128400006,
              -37.82598131408579
            ],
            [
              144.94139312000004,
              -37.82598516708575
            ],
            [
              144.94120626200004,
              -37.82601141008577
            ],
            [
              144.94116965000012,
              -37.82602355708578
            ],
            [
              144.94111459600003,
              -37.825952027085776
            ],
            [
              144.94058432200006,
              -37.82594881308577
            ],
            [
              144.94034214185268,
              -37.82594719209146
            ],
            [
              144.93955159812546,
              -37.825265284281095
            ],
            [
              144.93955160000007,
              -37.82526528408576
            ],
            [
              144.93955299200002,
              -37.825265102085744
            ],
            [
              144.939674931,
              -37.825252376085785
            ],
            [
              144.9397553220001,
              -37.82523527608575
            ],
            [
              144.93987894300005,
              -37.825208948085766
            ],
            [
              144.9402231370001,
              -37.82523919108579
            ],
            [
              144.94150001700007,
              -37.825173324085796
            ],
            [
              144.94155692800007,
              -37.82517707608578
            ],
            [
              144.94159606100004,
              -37.82517563208577
            ],
            [
              144.94180075300005,
              -37.8250795130858
            ],
            [
              144.942191029,
              -37.824985112085784
            ],
            [
              144.94236304600008,
              -37.82490008008577
            ],
            [
              144.9424775230001,
              -37.82448907908581
            ],
            [
              144.94246422600008,
              -37.82445563308577
            ],
            [
              144.94244989000003,
              -37.82441954408578
            ],
            [
              144.94235158000004,
              -37.824342186085765
            ],
            [
              144.94205722000004,
              -37.82415872008576
            ],
            [
              144.94109412900002,
              -37.823956045085794
            ],
            [
              144.94060961800005,
              -37.82385414808576
            ],
            [
              144.94027582900003,
              -37.8237851730858
            ],
            [
              144.93978953900012,
              -37.82368300308581
            ],
            [
              144.93927981000002,
              -37.82357590308577
            ],
            [
              144.93874627200012,
              -37.823463796085754
            ],
            [
              144.93821277900008,
              -37.823351695085805
            ],
            [
              144.9378106260001,
              -37.82326561608577
            ],
            [
              144.93780992927458,
              -37.82326546940675
            ],
            [
              144.9378447470001,
              -37.82312924508578
            ]
          ]
        ]
      }
    },
    {
      "type": "Feature",
      "properties": {
        "precinct_id": "east_melbourne",
        "suburb": "East Melbourne",
        "boundary_source": "Vicmap Admin locality clipped to Melbourne LGA",
        "suburb_area_km2": 1.8546,
        "precinct_area_ha": 185.4627,
        "canopy_area_km2": 0.4593,
        "canopy_coverage_pct": 24.76,
        "plant_species_count": 641,
        "animal_species_count": 49,
        "plant_density_per_ha": 3.456221,
        "animal_density_per_ha": 0.264204,
        "species_density_per_ha": 3.720425,
        "pollinator_flowering_plant_species_count": 41,
        "pollinator_insect_species_count": 14,
        "relevant_bird_species_count": 35,
        "tree_record_count": 4434,
        "garden_plant_row_count": 1512,
        "canopy_polygon_count": 9345,
        "pollinator_insect_occurrence_count": 29,
        "relevant_bird_occurrence_count": 3840,
        "address_count": 3591,
        "pollination_corridor_count": null,
        "pollination_corridor_status": "not_available_until_iteration_2_review",
        "canopy_score_0_100": 97.04,
        "plant_density_score_0_100": 100.0,
        "animal_density_score_0_100": 67.43,
        "biodiversity_score_0_100": 88.16,
        "biodiversity_score_version": "v1_provisional_canopy_plant_animal"
      },
      "geometry": {
        "type": "Polygon",
        "coordinates": [
          [
            [
              144.9891117510001,
              -37.82302882108581
            ],
            [
              144.98911151100003,
              -37.82303026108581
            ],
            [
              144.98909675400012,
              -37.82311812708579
            ],
            [
              144.98704030300007,
              -37.82285565708581
            ],
            [
              144.9867043590001,
              -37.822768819085795
            ],
            [
              144.98584563200006,
              -37.82249463908577
            ],
            [
              144.98532763700007,
              -37.82230373908577
            ],
            [
              144.98403418600003,
              -37.82175008808582
            ],
            [
              144.9837312100001,
              -37.82159839908581
            ],
            [
              144.98233564200007,
              -37.82081415708581
            ],
            [
              144.9786132260001,
              -37.8185925450858
            ],
            [
              144.97867389600003,
              -37.818246007085826
            ],
            [
              144.97841193400006,
              -37.818216613085816
            ],
            [
              144.97828283800004,
              -37.81813614208582
            ],
            [
              144.97812012000009,
              -37.81811399508583
            ],
            [
              144.9780873520001,
              -37.81814755608584
            ],
            [
              144.97804266000003,
              -37.81815116208587
            ],
            [
              144.97796417200004,
              -37.818140490085824
            ],
            [
              144.97792812800003,
              -37.81813559408581
            ],
            [
              144.9773049590001,
              -37.81771926208584
            ],
            [
              144.97681610200004,
              -37.81739450508584
            ],
            [
              144.97673217500005,
              -37.81733856108586
            ],
            [
              144.9766481380001,
              -37.817282538085834
            ],
            [
              144.97620230600012,
              -37.81684864708584
            ],
            [
              144.97617749500012,
              -37.81682449908582
            ],
            [
              144.97607931400012,
              -37.81678852508587
            ],
            [
              144.97568529000011,
              -37.816644144085835
            ],
            [
              144.97543669100003,
              -37.81609273508586
            ],
            [
              144.9753846540001,
              -37.815976326085824
            ],
            [
              144.97471370800008,
              -37.81588559808584
            ],
            [
              144.97487045100002,
              -37.81528614908586
            ],
            [
              144.97136269600003,
              -37.807728331085904
            ],
            [
              144.9730761830001,
              -37.807910723085904
            ],
            [
              144.97318814900007,
              -37.8079228450859
            ],
            [
              144.97485055471245,
              -37.8081000709671
            ],
            [
              144.98244045700005,
              -37.80890965508591
            ],
            [
              144.9824421070001,
              -37.808909836085874
            ],
            [
              144.98255295800004,
              -37.80892165508589
            ],
            [
              144.9826638390001,
              -37.80893361708591
            ],
            [
              144.98266559900003,
              -37.80893379708589
            ],
            [
              144.99121801800004,
              -37.809845043085915
            ],
            [
              144.9913306200001,
              -37.809856979085886
            ],
            [
              144.99009236300003,
              -37.816889070085814
            ],
            [
              144.99002238600008,
              -37.81728640808585
            ],
            [
              144.99000771700003,
              -37.81769881108583
            ],
            [
              144.98972353400006,
              -37.8193852110858
            ],
            [
              144.9891117510001,
              -37.82302882108581
            ]
          ]
        ]
      }
    },
    {
      "type": "Feature",
      "properties": {
        "precinct_id": "fishermans_bend",
        "suburb": "Fishermans Bend",
        "boundary_source": "Victorian Planning Melbourne DDO74 and DDO67 Fishermans Bend polygons",
        "suburb_area_km2": 2.0363,
        "precinct_area_ha": 203.6256,
        "canopy_area_km2": 0.0936,
        "canopy_coverage_pct": 4.6,
        "plant_species_count": 116,
        "animal_species_count": 19,
        "plant_density_per_ha": 0.569673,
        "animal_density_per_ha": 0.093309,
        "species_density_per_ha": 0.662982,
        "pollinator_flowering_plant_species_count": 16,
        "pollinator_insect_species_count": 3,
        "relevant_bird_species_count": 16,
        "tree_record_count": 1791,
        "garden_plant_row_count": 26,
        "canopy_polygon_count": 3864,
        "pollinator_insect_occurrence_count": 3,
        "relevant_bird_occurrence_count": 111,
        "address_count": 1233,
        "pollination_corridor_count": null,
        "pollination_corridor_status": "not_available_until_iteration_2_review",
        "canopy_score_0_100": 5.28,
        "plant_density_score_0_100": 0.0,
        "animal_density_score_0_100": 13.54,
        "biodiversity_score_0_100": 6.27,
        "biodiversity_score_version": "v1_provisional_canopy_plant_animal"
      },
      "geometry": {
        "type": "MultiPolygon",
        "coordinates": [
          [
            [
              [
                144.90709655900002,
                -37.82928665108574
              ],
              [
                144.9071484310001,
                -37.82924808408574
              ],
              [
                144.907200933,
                -37.82921007508576
              ],
              [
                144.90725405400008,
                -37.829172594085705
              ],
              [
                144.90730777300007,
                -37.829135663085765
              ],
              [
                144.90736207300006,
                -37.829099263085766
              ],
              [
                144.90741693400003,
                -37.829063406085766
              ],
              [
                144.90870197900006,
                -37.82823433408572
              ],
              [
                144.90894379100007,
                -37.82811317208575
              ],
              [
                144.90975244600008,
                -37.82759143208575
              ],
              [
                144.9110140680001,
                -37.827084873085774
              ],
              [
                144.9109383000001,
                -37.82701997808574
              ],
              [
                144.91096759700008,
                -37.826999067085765
              ],
              [
                144.9109959550001,
                -37.826977027085746
              ],
              [
                144.91102368600002,
                -37.82695449308575
              ],
              [
                144.9110507790001,
                -37.826931467085736
              ],
              [
                144.91107722300012,
                -37.826907973085724
              ],
              [
                144.91110298500007,
                -37.82688402008575
              ],
              [
                144.91112807600007,
                -37.82685960808574
              ],
              [
                144.91115248500012,
                -37.82683477108578
              ],
              [
                144.9111761910001,
                -37.82680950008576
              ],
              [
                144.91119916900004,
                -37.826783821085776
              ],
              [
                144.91122143300004,
                -37.82675773508573
              ],
              [
                144.9112429480001,
                -37.82673128308575
              ],
              [
                144.9112637170001,
                -37.82670444008574
              ],
              [
                144.91128372600008,
                -37.82667724008578
              ],
              [
                144.9113029770001,
                -37.826649691085734
              ],
              [
                144.9113214450001,
                -37.826621811085786
              ],
              [
                144.91133912300006,
                -37.826593608085744
              ],
              [
                144.9113560070001,
                -37.82656510808575
              ],
              [
                144.9113720890001,
                -37.82653631908575
              ],
              [
                144.91138735700008,
                -37.82650724008575
              ],
              [
                144.91140180000002,
                -37.82647790708576
              ],
              [
                144.91141195000012,
                -37.82645606208578
              ],
              [
                144.91141468400008,
                -37.82645503508577
              ],
              [
                144.91141790300003,
                -37.82644790908576
              ],
              [
                144.9114307630001,
                -37.82641810608574
              ],
              [
                144.9114427730001,
                -37.82638808908577
              ],
              [
                144.91145391200007,
                -37.82635785608576
              ],
              [
                144.91146420500002,
                -37.82632744108578
              ],
              [
                144.91147364300002,
                -37.826296844085746
              ],
              [
                144.91147948100001,
                -37.82627575608578
              ],
              [
                144.91148265300012,
                -37.826264297085764
              ],
              [
                144.91144205700004,
                -37.82731539108574
              ],
              [
                144.9115704300001,
                -37.82839265508574
              ],
              [
                144.9115703210001,
                -37.82858710008577
              ],
              [
                144.9115699140001,
                -37.82931309008575
              ],
              [
                144.9070645810001,
                -37.829311073085755
              ],
              [
                144.90709655900002,
                -37.82928665108574
              ]
            ]
          ],
          [
            [
              [
                144.91126419700004,
                -37.825438820085786
              ],
              [
                144.91139496200003,
                -37.825883114085755
              ],
              [
                144.911422753,
                -37.82597750208574
              ],
              [
                144.9114849350001,
                -37.826188719085756
              ],
              [
                144.91139824300012,
                -37.82620484708579
              ],
              [
                144.91137766500003,
                -37.82620865108574
              ],
              [
                144.91135489300007,
                -37.82629428308578
              ],
              [
                144.9113139650001,
                -37.82640519808576
              ],
              [
                144.91126084000007,
                -37.82651280808576
              ],
              [
                144.9112448850001,
                -37.82654042708573
              ],
              [
                144.91122813000004,
                -37.82656775108576
              ],
              [
                144.9112105920001,
                -37.826594772085755
              ],
              [
                144.9111922740001,
                -37.82662146408576
              ],
              [
                144.91117319400007,
                -37.82664780908574
              ],
              [
                144.91115336300004,
                -37.82667381608578
              ],
              [
                144.911132779,
                -37.82669944108575
              ],
              [
                144.9111114640001,
                -37.82672470108578
              ],
              [
                144.91108941800007,
                -37.82674956008574
              ],
              [
                144.91106666300004,
                -37.826774011085725
              ],
              [
                144.91104321300008,
                -37.826798052085756
              ],
              [
                144.91101906500012,
                -37.826821649085744
              ],
              [
                144.91099424800007,
                -37.82684481008575
              ],
              [
                144.91097792400012,
                -37.82685933708576
              ],
              [
                144.91096877100006,
                -37.826867518085756
              ],
              [
                144.91094264600008,
                -37.82688974608573
              ],
              [
                144.91091589000007,
                -37.826911494085735
              ],
              [
                144.9108885160001,
                -37.826932753085785
              ],
              [
                144.91086052200012,
                -37.826953506085786
              ],
              [
                144.91083197600005,
                -37.82697373508576
              ],
              [
                144.91080288400008,
                -37.82699341408574
              ],
              [
                144.91077323700006,
                -37.82701255208576
              ],
              [
                144.91074304100005,
                -37.82703114808574
              ],
              [
                144.91071233800005,
                -37.82704917808578
              ],
              [
                144.90963918400007,
                -37.82745543808575
              ],
              [
                144.90731004400004,
                -37.82895925508574
              ],
              [
                144.9072547720001,
                -37.82899536108573
              ],
              [
                144.90720005900005,
                -37.829031997085735
              ],
              [
                144.907145914,
                -37.829069163085755
              ],
              [
                144.90709235200006,
                -37.829106853085754
              ],
              [
                144.9070393820001,
                -37.82914505708572
              ],
              [
                144.90698701000008,
                -37.82918378808574
              ],
              [
                144.90693524900007,
                -37.829223031085746
              ],
              [
                144.90688412500003,
                -37.829262789085746
              ],
              [
                144.90683363300002,
                -37.82930306908576
              ],
              [
                144.9067884310001,
                -37.82934000808573
              ],
              [
                144.90674376000004,
                -37.829377360085736
              ],
              [
                144.90669961700007,
                -37.82941510008572
              ],
              [
                144.90665602600006,
                -37.829453247085716
              ],
              [
                144.90661297500003,
                -37.82949177208575
              ],
              [
                144.9065704850001,
                -37.82953067708575
              ],
              [
                144.90652854400003,
                -37.829569971085725
              ],
              [
                144.90636742200002,
                -37.82972273408575
              ],
              [
                144.90632215900007,
                -37.829766201085754
              ],
              [
                144.90627757900006,
                -37.82981009508573
              ],
              [
                144.90623369600007,
                -37.82985443308574
              ],
              [
                144.90619049000009,
                -37.82989919608575
              ],
              [
                144.90614801800007,
                -37.82994436508573
              ],
              [
                144.9061062520001,
                -37.82998995008573
              ],
              [
                144.9060651960001,
                -37.83003594408575
              ],
              [
                144.9060248710001,
                -37.830082339085706
              ],
              [
                144.90598526500003,
                -37.83012911608573
              ],
              [
                144.90594638900006,
                -37.83017629408571
              ],
              [
                144.90590826100004,
                -37.83022384508574
              ],
              [
                144.90587084700007,
                -37.83027181808574
              ],
              [
                144.9045926990001,
                -37.83193353708569
              ],
              [
                144.9045729620001,
                -37.83197031508573
              ],
              [
                144.90455401400004,
                -37.83200735908574
              ],
              [
                144.90453585800003,
                -37.83204464208573
              ],
              [
                144.90451848400005,
                -37.832082175085716
              ],
              [
                144.90450191800005,
                -37.83211991908573
              ],
              [
                144.90448614600007,
                -37.8321578850857
              ],
              [
                144.9044711800001,
                -37.832196063085725
              ],
              [
                144.90445702300008,
                -37.832234426085705
              ],
              [
                144.90444367800012,
                -37.8322729650857
              ],
              [
                144.90443114800007,
                -37.83231169008573
              ],
              [
                144.90441943700012,
                -37.83235057208574
              ],
              [
                144.90440854300005,
                -37.832389604085705
              ],
              [
                144.90439848000005,
                -37.832428750085704
              ],
              [
                144.90438925400008,
                -37.832468027085696
              ],
              [
                144.90438084400012,
                -37.83250742708569
              ],
              [
                144.90437326800009,
                -37.83254692208569
              ],
              [
                144.9043665160001,
                -37.832586514085705
              ],
              [
                144.90436060500008,
                -37.83262620108572
              ],
              [
                144.90435552000008,
                -37.8326659410857
              ],
              [
                144.90433005400007,
                -37.832653952085735
              ],
              [
                144.9034484330001,
                -37.832239208085724
              ],
              [
                144.90303146500003,
                -37.832018174085725
              ],
              [
                144.90246153400005,
                -37.83167847608572
              ],
              [
                144.9020113780001,
                -37.831410186085726
              ],
              [
                144.90185612100004,
                -37.83130177108573
              ],
              [
                144.90149777600004,
                -37.830990532085735
              ],
              [
                144.9013059570001,
                -37.830881108085734
              ],
              [
                144.9012101720001,
                -37.83082382608574
              ],
              [
                144.90112514200007,
                -37.83077297108574
              ],
              [
                144.90104384300002,
                -37.830724355085735
              ],
              [
                144.90099507900004,
                -37.83069518908574
              ],
              [
                144.9009479230001,
                -37.83066698908573
              ],
              [
                144.9009243470001,
                -37.830652889085734
              ],
              [
                144.90085359700004,
                -37.83061057908576
              ],
              [
                144.9007828240001,
                -37.83056825108575
              ],
              [
                144.900759224,
                -37.830554142085745
              ],
              [
                144.90069018600002,
                -37.83051285408571
              ],
              [
                144.90056002100005,
                -37.83043500608573
              ],
              [
                144.90039962600008,
                -37.83034327608572
              ],
              [
                144.90027112500002,
                -37.83027017008571
              ],
              [
                144.90048933600008,
                -37.82979510808575
              ],
              [
                144.9013015050001,
                -37.82877470008572
              ],
              [
                144.9016706760001,
                -37.82831087308575
              ],
              [
                144.90287970100007,
                -37.82679185608575
              ],
              [
                144.9028931040001,
                -37.82677501608573
              ],
              [
                144.9032538990001,
                -37.826461817085786
              ],
              [
                144.90390298800003,
                -37.82591392008574
              ],
              [
                144.9058720280001,
                -37.82480217508576
              ],
              [
                144.90690398900006,
                -37.824219517085766
              ],
              [
                144.9085201700001,
                -37.82330649008582
              ],
              [
                144.90862612400008,
                -37.82324666408578
              ],
              [
                144.90889542800005,
                -37.82316401108579
              ],
              [
                144.9093140640001,
                -37.82303551908579
              ],
              [
                144.91006979200006,
                -37.8228035580858
              ],
              [
                144.91016455300007,
                -37.82277447408579
              ],
              [
                144.91162924600007,
                -37.8223248820858
              ],
              [
                144.91148349700006,
                -37.82238885408577
              ],
              [
                144.91135291600006,
                -37.82247484008581
              ],
              [
                144.9112335000001,
                -37.8225703890858
              ],
              [
                144.91112611900007,
                -37.822674709085774
              ],
              [
                144.91103808800005,
                -37.8227976990858
              ],
              [
                144.9110290320001,
                -37.82281006308578
              ],
              [
                144.91100936400005,
                -37.822837306085766
              ],
              [
                144.91099047700004,
                -37.822864888085796
              ],
              [
                144.91097237100007,
                -37.822892810085804
              ],
              [
                144.91097110700002,
                -37.822894871085786
              ],
              [
                144.91095506800002,
                -37.82292103908582
              ],
              [
                144.910938557,
                -37.82294956508582
              ],
              [
                144.91092286000003,
                -37.822978389085776
              ],
              [
                144.91090798800008,
                -37.82300747508576
              ],
              [
                144.91089394100004,
                -37.82303682608579
              ],
              [
                144.91088071900003,
                -37.82306642308577
              ],
              [
                144.91086835500005,
                -37.82309624108579
              ],
              [
                144.91085681700008,
                -37.82312627208579
              ],
              [
                144.91084613600003,
                -37.82315649808575
              ],
              [
                144.910836323,
                -37.82318691108581
              ],
              [
                144.91082735800012,
                -37.82321748508582
              ],
              [
                144.91081927300002,
                -37.8232482210858
              ],
              [
                144.91081204500006,
                -37.82327907608577
              ],
              [
                144.9108057100001,
                -37.82331006708579
              ],
              [
                144.91080024300004,
                -37.82334116008581
              ],
              [
                144.91079565600012,
                -37.823372338085775
              ],
              [
                144.91076843100006,
                -37.82355178108581
              ],
              [
                144.91078030000006,
                -37.82372912508577
              ],
              [
                144.91079112400007,
                -37.82379049608577
              ],
              [
                144.910806115,
                -37.82388186108577
              ],
              [
                144.91094971000007,
                -37.824370015085755
              ],
              [
                144.9103044310001,
                -37.82441244308578
              ],
              [
                144.91027083200004,
                -37.82448018908579
              ],
              [
                144.91023810500008,
                -37.82454617508578
              ],
              [
                144.91021257300008,
                -37.82459765708578
              ],
              [
                144.9102157640001,
                -37.824628186085796
              ],
              [
                144.9102219560001,
                -37.82468744708578
              ],
              [
                144.91022811000005,
                -37.824746349085764
              ],
              [
                144.910234284,
                -37.82480543008577
              ],
              [
                144.9102404560001,
                -37.82486451208579
              ],
              [
                144.91025116800006,
                -37.8249670510858
              ],
              [
                144.91110876200003,
                -37.82491065808577
              ],
              [
                144.91126419700004,
                -37.825438820085786
              ]
            ]
          ],
          [
            [
              [
                144.9297893700001,
                -37.8242531670858
              ],
              [
                144.92831214800003,
                -37.8245402490858
              ],
              [
                144.9282448470001,
                -37.824553328085784
              ],
              [
                144.92883154300011,
                -37.826452878085746
              ],
              [
                144.9283456920001,
                -37.82657263708576
              ],
              [
                144.92696681600012,
                -37.826840551085766
              ],
              [
                144.92689130200006,
                -37.826855198085774
              ],
              [
                144.9268692280001,
                -37.82685948708576
              ],
              [
                144.9251340180001,
                -37.82719658808579
              ],
              [
                144.9251882860001,
                -37.82737242708573
              ],
              [
                144.9229461870001,
                -37.827806345085726
              ],
              [
                144.92289458800008,
                -37.82763734008575
              ],
              [
                144.92289431000006,
                -37.827636440085776
              ],
              [
                144.92289180400007,
                -37.827628339085734
              ],
              [
                144.9224735140001,
                -37.82762535408575
              ],
              [
                144.92237415300008,
                -37.827764605085754
              ],
              [
                144.92108576700002,
                -37.828081734085735
              ],
              [
                144.92075990900003,
                -37.828161942085735
              ],
              [
                144.9203794440001,
                -37.82825557908575
              ],
              [
                144.9201764930001,
                -37.828305536085736
              ],
              [
                144.91931341100008,
                -37.828490903085765
              ],
              [
                144.9184370690001,
                -37.828706574085736
              ],
              [
                144.9179910800001,
                -37.828816333085726
              ],
              [
                144.91781002100004,
                -37.82888790908572
              ],
              [
                144.9174292570001,
                -37.828981616085734
              ],
              [
                144.91674064900008,
                -37.829242974085716
              ],
              [
                144.91670555000007,
                -37.82912902508576
              ],
              [
                144.91503785600003,
                -37.82959112208572
              ],
              [
                144.9119166600001,
                -37.83039819008574
              ],
              [
                144.91191715600007,
                -37.829534372085725
              ],
              [
                144.9119172500001,
                -37.82931883708572
              ],
              [
                144.91191726600005,
                -37.82928129908573
              ],
              [
                144.91191735300004,
                -37.82911745508573
              ],
              [
                144.91191741400007,
                -37.82900371908573
              ],
              [
                144.91191826400006,
                -37.827414117085766
              ],
              [
                144.9119185090001,
                -37.826954814085774
              ],
              [
                144.91191859900005,
                -37.82678336808575
              ],
              [
                144.91191822500002,
                -37.82673922708575
              ],
              [
                144.9119170240001,
                -37.82669510408575
              ],
              [
                144.91191680800011,
                -37.826690476085744
              ],
              [
                144.91191491100005,
                -37.82665100308578
              ],
              [
                144.91191197700005,
                -37.826606950085775
              ],
              [
                144.91190819000008,
                -37.826562938085786
              ],
              [
                144.91190355600008,
                -37.82651899208578
              ],
              [
                144.9118980710001,
                -37.82647509508576
              ],
              [
                144.9118917400001,
                -37.82643128408576
              ],
              [
                144.91188456500004,
                -37.826387560085735
              ],
              [
                144.91187654500004,
                -37.82634393008575
              ],
              [
                144.91186768400007,
                -37.826300404085785
              ],
              [
                144.91185798700008,
                -37.82625700808577
              ],
              [
                144.91184745400005,
                -37.82621373508576
              ],
              [
                144.9118360870001,
                -37.82617060208579
              ],
              [
                144.9118238950001,
                -37.82612760508575
              ],
              [
                144.9118232080001,
                -37.82612525108574
              ],
              [
                144.91177103200005,
                -37.82594833408577
              ],
              [
                144.9117688870001,
                -37.82594106008579
              ],
              [
                144.91176861000008,
                -37.82594012008578
              ],
              [
                144.91116206700008,
                -37.82388202608578
              ],
              [
                144.91115492100005,
                -37.82385269108577
              ],
              [
                144.9111486270001,
                -37.8238232270858
              ],
              [
                144.9111431870001,
                -37.823793655085794
              ],
              [
                144.91113860500002,
                -37.82376399008579
              ],
              [
                144.91113488300005,
                -37.82373425108579
              ],
              [
                144.91113202400004,
                -37.8237044550858
              ],
              [
                144.9111300290001,
                -37.8236746130858
              ],
              [
                144.91112889900012,
                -37.823644750085776
              ],
              [
                144.91112863400008,
                -37.823614867085766
              ],
              [
                144.9111292350001,
                -37.823584981085766
              ],
              [
                144.91113070000006,
                -37.823555129085754
              ],
              [
                144.91113303800012,
                -37.82352530308576
              ],
              [
                144.91113624000002,
                -37.823495528085786
              ],
              [
                144.91114030200004,
                -37.823465821085776
              ],
              [
                144.91114522500004,
                -37.823436194085765
              ],
              [
                144.9111510030001,
                -37.8234066710858
              ],
              [
                144.9111576360001,
                -37.8233772530858
              ],
              [
                144.9111651180001,
                -37.82334796908575
              ],
              [
                144.91117344500003,
                -37.8233188320858
              ],
              [
                144.91118261600002,
                -37.82328984708578
              ],
              [
                144.91119262400002,
                -37.82326103908581
              ],
              [
                144.91120345900003,
                -37.82323243108577
              ],
              [
                144.91121513000007,
                -37.82320401408577
              ],
              [
                144.91122762100008,
                -37.82317582608578
              ],
              [
                144.91124092300004,
                -37.823147878085805
              ],
              [
                144.91125503600006,
                -37.82312016908581
              ],
              [
                144.9112699420001,
                -37.82309273408577
              ],
              [
                144.91128564100006,
                -37.82306557408577
              ],
              [
                144.91130212500002,
                -37.82303870508581
              ],
              [
                144.91131937700004,
                -37.82301215008577
              ],
              [
                144.91133739600002,
                -37.82298591308579
              ],
              [
                144.91135617500004,
                -37.82296000508579
              ],
              [
                144.9113756920001,
                -37.82293445508581
              ],
              [
                144.91139595000004,
                -37.822909263085805
              ],
              [
                144.91141510300008,
                -37.82288664708578
              ],
              [
                144.91143494100004,
                -37.82286440308581
              ],
              [
                144.9114554460001,
                -37.82284255008578
              ],
              [
                144.9114766230001,
                -37.82282108608581
              ],
              [
                144.91149844000006,
                -37.8228000420858
              ],
              [
                144.91152089500008,
                -37.8227794190858
              ],
              [
                144.91154397200012,
                -37.82275923408581
              ],
              [
                144.9115676560001,
                -37.82273949808581
              ],
              [
                144.91159192500004,
                -37.822720229085796
              ],
              [
                144.91161678700007,
                -37.8227014220858
              ],
              [
                144.91164221300005,
                -37.82268309808578
              ],
              [
                144.91166818200008,
                -37.82266527208582
              ],
              [
                144.91169468900011,
                -37.82264794908581
              ],
              [
                144.91172172100005,
                -37.82263113508582
              ],
              [
                144.91174925600012,
                -37.8226148450858
              ],
              [
                144.91177728000002,
                -37.82259908908583
              ],
              [
                144.9118057720001,
                -37.82258387608577
              ],
              [
                144.91183472400007,
                -37.82256921208579
              ],
              [
                144.91186411500007,
                -37.822555106085815
              ],
              [
                144.91189391700004,
                -37.822541574085776
              ],
              [
                144.91192413300007,
                -37.82252861208581
              ],
              [
                144.91195473200003,
                -37.8225162240858
              ],
              [
                144.91443445200002,
                -37.8217548090858
              ],
              [
                144.9153571170001,
                -37.82162060908582
              ],
              [
                144.91560197700005,
                -37.82158499208578
              ],
              [
                144.91653715600012,
                -37.821448965085786
              ],
              [
                144.91668260900008,
                -37.8214278170858
              ],
              [
                144.91713257100002,
                -37.82136236908582
              ],
              [
                144.91766723400008,
                -37.821284593085814
              ],
              [
                144.91792685200005,
                -37.82124683008578
              ],
              [
                144.91861617300003,
                -37.82114656108582
              ],
              [
                144.9193156650001,
                -37.82104480008583
              ],
              [
                144.9194989990001,
                -37.82101813008581
              ],
              [
                144.91991438500008,
                -37.82095769508578
              ],
              [
                144.92048163100003,
                -37.82095101308579
              ],
              [
                144.9208330560001,
                -37.820947895085794
              ],
              [
                144.9225689100001,
                -37.82092598008582
              ],
              [
                144.92427772400004,
                -37.820904379085796
              ],
              [
                144.92472941200003,
                -37.82089868308585
              ],
              [
                144.9266830890001,
                -37.82110928408583
              ],
              [
                144.92691018400012,
                -37.82113174608583
              ],
              [
                144.92805925400012,
                -37.82125510008581
              ],
              [
                144.9284692340001,
                -37.8212990960858
              ],
              [
                144.9297848970001,
                -37.821575571085816
              ],
              [
                144.9303233590001,
                -37.821688718085795
              ],
              [
                144.93054017000009,
                -37.82173427508582
              ],
              [
                144.9305326550001,
                -37.82191445308582
              ],
              [
                144.93045291600004,
                -37.82382637808579
              ],
              [
                144.93042688100002,
                -37.82409822408577
              ],
              [
                144.92973528700009,
                -37.8240781400858
              ],
              [
                144.9297893700001,
                -37.8242531670858
              ]
            ],
            [
              [
                144.92336774700004,
                -37.82396152408578
              ],
              [
                144.92294721700011,
                -37.8239706980858
              ],
              [
                144.92181252400007,
                -37.824120107085754
              ],
              [
                144.921992992,
                -37.8247069730858
              ],
              [
                144.923384262,
                -37.82443777608577
              ],
              [
                144.92336774700004,
                -37.82396152408578
              ]
            ]
          ],
          [
            [
              [
                144.94150001700007,
                -37.825173324085796
              ],
              [
                144.9402231370001,
                -37.82523919108579
              ],
              [
                144.93987894300005,
                -37.825208948085766
              ],
              [
                144.9397553220001,
                -37.82523527608575
              ],
              [
                144.939674931,
                -37.825252376085785
              ],
              [
                144.93955299200002,
                -37.825265102085744
              ],
              [
                144.93955160000007,
                -37.82526528408576
              ],
              [
                144.93934943400006,
                -37.825286350085754
              ],
              [
                144.93933239800003,
                -37.825271628085744
              ],
              [
                144.93888662900008,
                -37.825300531085794
              ],
              [
                144.93885728200007,
                -37.82531234908575
              ],
              [
                144.93885624900008,
                -37.82531276508579
              ],
              [
                144.93884743,
                -37.82531631708579
              ],
              [
                144.938836508,
                -37.82531697308578
              ],
              [
                144.93861704000005,
                -37.825324847085795
              ],
              [
                144.9385905360001,
                -37.82532579608577
              ],
              [
                144.93819076400007,
                -37.82534013908579
              ],
              [
                144.938139255,
                -37.82534419108575
              ],
              [
                144.93813857400005,
                -37.82534425008575
              ],
              [
                144.93812295400005,
                -37.825336296085794
              ],
              [
                144.93781668500003,
                -37.825351803085795
              ],
              [
                144.93747444300004,
                -37.82537791008579
              ],
              [
                144.93739635600002,
                -37.82539594308579
              ],
              [
                144.93719532500006,
                -37.82541125808577
              ],
              [
                144.93708324700003,
                -37.82540276408579
              ],
              [
                144.93708381600004,
                -37.82541671308579
              ],
              [
                144.937062587,
                -37.82541729608575
              ],
              [
                144.93699438200008,
                -37.825399331085784
              ],
              [
                144.93694684900004,
                -37.82543751008578
              ],
              [
                144.93685616100004,
                -37.825435552085786
              ],
              [
                144.93635939900003,
                -37.825451521085796
              ],
              [
                144.93630209200012,
                -37.82545599208574
              ],
              [
                144.93610857400006,
                -37.82547109108574
              ],
              [
                144.93584747400007,
                -37.825491477085755
              ],
              [
                144.93559156000003,
                -37.82551145008576
              ],
              [
                144.93557763900003,
                -37.82550006708575
              ],
              [
                144.935571621,
                -37.82549514408574
              ],
              [
                144.935334011,
                -37.82552999308577
              ],
              [
                144.93467756100006,
                -37.82562627808575
              ],
              [
                144.9344502680001,
                -37.825659627085805
              ],
              [
                144.93364699900008,
                -37.82575130708577
              ],
              [
                144.93237617700004,
                -37.82589594808579
              ],
              [
                144.93217896500005,
                -37.82591837908578
              ],
              [
                144.9321270470001,
                -37.825954221085766
              ],
              [
                144.93115320800007,
                -37.82592706608576
              ],
              [
                144.93115420300012,
                -37.82589920908574
              ],
              [
                144.93096372700006,
                -37.82577057908579
              ],
              [
                144.93082421500003,
                -37.82519808708581
              ],
              [
                144.93082223400006,
                -37.82514693408577
              ],
              [
                144.93080870100005,
                -37.82464259208577
              ],
              [
                144.9308086310001,
                -37.82463997408579
              ],
              [
                144.93079626200006,
                -37.824179589085794
              ],
              [
                144.9307943880001,
                -37.8241093790858
              ],
              [
                144.93079073,
                -37.823972846085766
              ],
              [
                144.93079370200007,
                -37.82383744108578
              ],
              [
                144.93079457200008,
                -37.82381691808578
              ],
              [
                144.9307959350001,
                -37.82378495108581
              ],
              [
                144.93080987000008,
                -37.823457134085785
              ],
              [
                144.93082410400007,
                -37.823122302085764
              ],
              [
                144.93083513500005,
                -37.82286286908578
              ],
              [
                144.9308437190001,
                -37.822660871085795
              ],
              [
                144.930879967,
                -37.82180662208578
              ],
              [
                144.93106821000003,
                -37.821846260085806
              ],
              [
                144.9311381340001,
                -37.82186098408578
              ],
              [
                144.93120317400007,
                -37.8218746780858
              ],
              [
                144.93130972200004,
                -37.821897124085815
              ],
              [
                144.93138328400005,
                -37.8219126100858
              ],
              [
                144.93148975300005,
                -37.82193502708583
              ],
              [
                144.931555483,
                -37.82194886608578
              ],
              [
                144.93162237800004,
                -37.821962950085776
              ],
              [
                144.93176245900008,
                -37.821992443085776
              ],
              [
                144.9322067290001,
                -37.822085996085775
              ],
              [
                144.93238587200005,
                -37.822123711085794
              ],
              [
                144.9326205750001,
                -37.82217312508578
              ],
              [
                144.93357356,
                -37.822374280085796
              ],
              [
                144.935302599,
                -37.82273775808578
              ],
              [
                144.93576922900002,
                -37.82283586608581
              ],
              [
                144.93580764400008,
                -37.8228439290858
              ],
              [
                144.9360722240001,
                -37.82289955708579
              ],
              [
                144.9362348620001,
                -37.82293450008579
              ],
              [
                144.93649072800008,
                -37.82298754508581
              ],
              [
                144.9367569540001,
                -37.823043518085775
              ],
              [
                144.937809828,
                -37.8232654480858
              ],
              [
                144.9378106260001,
                -37.82326561608577
              ],
              [
                144.93821277900008,
                -37.823351695085805
              ],
              [
                144.93874627200012,
                -37.823463796085754
              ],
              [
                144.93927981000002,
                -37.82357590308577
              ],
              [
                144.93978953900012,
                -37.82368300308581
              ],
              [
                144.94027582900003,
                -37.8237851730858
              ],
              [
                144.94060961800005,
                -37.82385414808576
              ],
              [
                144.94109412900002,
                -37.823956045085794
              ],
              [
                144.94205722000004,
                -37.82415872008576
              ],
              [
                144.94235158000004,
                -37.824342186085765
              ],
              [
                144.94244989000003,
                -37.82441954408578
              ],
              [
                144.94246422600008,
                -37.82445563308577
              ],
              [
                144.9424775230001,
                -37.82448907908581
              ],
              [
                144.94236304600008,
                -37.82490008008577
              ],
              [
                144.942191029,
                -37.824985112085784
              ],
              [
                144.94180075300005,
                -37.8250795130858
              ],
              [
                144.94159606100004,
                -37.82517563208577
              ],
              [
                144.94155692800007,
                -37.82517707608578
              ],
              [
                144.94150001700007,
                -37.825173324085796
              ]
            ]
          ]
        ]
      }
    },
    {
      "type": "Feature",
      "properties": {
        "precinct_id": "kensington",
        "suburb": "Kensington",
        "boundary_source": "Vicmap Admin locality clipped to Melbourne LGA",
        "suburb_area_km2": 2.1351,
        "precinct_area_ha": 213.5112,
        "canopy_area_km2": 0.3001,
        "canopy_coverage_pct": 14.06,
        "plant_species_count": 597,
        "animal_species_count": 42,
        "plant_density_per_ha": 2.796106,
        "animal_density_per_ha": 0.196711,
        "species_density_per_ha": 2.992817,
        "pollinator_flowering_plant_species_count": 50,
        "pollinator_insect_species_count": 14,
        "relevant_bird_species_count": 28,
        "tree_record_count": 7551,
        "garden_plant_row_count": 1582,
        "canopy_polygon_count": 13567,
        "pollinator_insect_occurrence_count": 33,
        "relevant_bird_occurrence_count": 805,
        "address_count": 7808,
        "pollination_corridor_count": null,
        "pollination_corridor_status": "not_available_until_iteration_2_review",
        "canopy_score_0_100": 48.34,
        "plant_density_score_0_100": 77.13,
        "animal_density_score_0_100": 46.15,
        "biodiversity_score_0_100": 57.21,
        "biodiversity_score_version": "v1_provisional_canopy_plant_animal"
      },
      "geometry": {
        "type": "Polygon",
        "coordinates": [
          [
            [
              144.93782626300003,
              -37.788939787086036
            ],
            [
              144.9378189350001,
              -37.78894702808609
            ],
            [
              144.9378109800001,
              -37.78895303408608
            ],
            [
              144.93780495300007,
              -37.78896006208604
            ],
            [
              144.93779798700007,
              -37.78896604708607
            ],
            [
              144.93778997700008,
              -37.788972989086034
            ],
            [
              144.93778399300004,
              -37.78898000008609
            ],
            [
              144.9377760210001,
              -37.78898697808607
            ],
            [
              144.93776895700012,
              -37.78899399608609
            ],
            [
              144.93776189300002,
              -37.78900100408604
            ],
            [
              144.9377549200001,
              -37.789008022086065
            ],
            [
              144.9377478560001,
              -37.789015040086085
            ],
            [
              144.9377407930001,
              -37.78902213808605
            ],
            [
              144.93773382000006,
              -37.789029156086066
            ],
            [
              144.9377267850001,
              -37.789035174086095
            ],
            [
              144.9377197220001,
              -37.789042192086065
            ],
            [
              144.937712658,
              -37.78904920008607
            ],
            [
              144.93770568500008,
              -37.789056218086074
            ],
            [
              144.9376986210001,
              -37.78906322608604
            ],
            [
              144.93769259300007,
              -37.78907025108604
            ],
            [
              144.93768584600002,
              -37.789077114086055
            ],
            [
              144.93767805100003,
              -37.78908401408607
            ],
            [
              144.93767102100003,
              -37.78909100308606
            ],
            [
              144.93766502100004,
              -37.78909801308605
            ],
            [
              144.9376580170001,
              -37.78910402508606
            ],
            [
              144.9376510410001,
              -37.789112019086055
            ],
            [
              144.93764503600005,
              -37.78911903108609
            ],
            [
              144.93763705100002,
              -37.78912601808609
            ],
            [
              144.93763002100002,
              -37.78913301308607
            ],
            [
              144.93762403300002,
              -37.78913903808607
            ],
            [
              144.93761697200011,
              -37.78914702808604
            ],
            [
              144.93761007800003,
              -37.78915401208608
            ],
            [
              144.93760408000003,
              -37.78916102108608
            ],
            [
              144.93759703900002,
              -37.78916801608606
            ],
            [
              144.93758999800002,
              -37.789175021086045
            ],
            [
              144.9375830470001,
              -37.78918201608608
            ],
            [
              144.9375770360001,
              -37.78918904108608
            ],
            [
              144.9375699950001,
              -37.789196036086054
            ],
            [
              144.9375629540001,
              -37.78920304108604
            ],
            [
              144.9375569130001,
              -37.78921104608609
            ],
            [
              144.93754997200006,
              -37.789218051086074
            ],
            [
              144.93754398300007,
              -37.78922407508609
            ],
            [
              144.93753692100006,
              -37.78923206108605
            ],
            [
              144.93753091000008,
              -37.789239085086066
            ],
            [
              144.93752386900007,
              -37.78924608008604
            ],
            [
              144.93751691800003,
              -37.789253085086074
            ],
            [
              144.93751090800004,
              -37.789260100086075
            ],
            [
              144.93750486700003,
              -37.789268105086066
            ],
            [
              144.93749785700004,
              -37.78927412008606
            ],
            [
              144.9374908750001,
              -37.78928210508608
            ],
            [
              144.9374848640001,
              -37.78928913008608
            ],
            [
              144.9374778230001,
              -37.789296125086054
            ],
            [
              144.93747181300012,
              -37.78930314008605
            ],
            [
              144.93746578100001,
              -37.789311155086054
            ],
            [
              144.93745883000008,
              -37.789318150086075
            ],
            [
              144.93745282100008,
              -37.78932508408609
            ],
            [
              144.937445754,
              -37.789333157086084
            ],
            [
              144.9374397480001,
              -37.78934008008608
            ],
            [
              144.93743374300004,
              -37.78934710208607
            ],
            [
              144.9374268030001,
              -37.78935409708604
            ],
            [
              144.93742077100012,
              -37.789362108086074
            ],
            [
              144.93741476500009,
              -37.78936912108608
            ],
            [
              144.93740772500007,
              -37.78937611608607
            ],
            [
              144.93740178300004,
              -37.78938412608605
            ],
            [
              144.9373957780001,
              -37.78939113908607
            ],
            [
              144.93738977200007,
              -37.78939816108605
            ],
            [
              144.937382715,
              -37.78940614508608
            ],
            [
              144.9373777620001,
              -37.78941218608608
            ],
            [
              144.93737069300005,
              -37.78942018108605
            ],
            [
              144.93736468200007,
              -37.78942817708609
            ],
            [
              144.93735776100004,
              -37.78943517008608
            ],
            [
              144.93735272100002,
              -37.789442092086034
            ],
            [
              144.93734577400005,
              -37.78945016308606
            ],
            [
              144.9373397930001,
              -37.78945707508608
            ],
            [
              144.937333813,
              -37.78946408708604
            ],
            [
              144.9373278070001,
              -37.78947207808606
            ],
            [
              144.93732182600002,
              -37.78947908108606
            ],
            [
              144.93731488900005,
              -37.789487062086074
            ],
            [
              144.9373099400001,
              -37.789494084086044
            ],
            [
              144.93730395900002,
              -37.78950108608608
            ],
            [
              144.9372969220001,
              -37.78950906708608
            ],
            [
              144.93729094200012,
              -37.78951607008608
            ],
            [
              144.9372859660001,
              -37.789524080086075
            ],
            [
              144.93727998600002,
              -37.78953100208609
            ],
            [
              144.937273064,
              -37.78953807908604
            ],
            [
              144.93726702200001,
              -37.78954600508607
            ],
            [
              144.93726201000004,
              -37.78955402908609
            ],
            [
              144.93725600000005,
              -37.78956104408607
            ],
            [
              144.93724995800005,
              -37.78956904908606
            ],
            [
              144.93724301800012,
              -37.789576054086034
            ],
            [
              144.93723793700008,
              -37.78958308908606
            ],
            [
              144.93723189600007,
              -37.78959109408605
            ],
            [
              144.9372258850001,
              -37.78959810908603
            ],
            [
              144.937220883,
              -37.789606054086086
            ],
            [
              144.93721493100009,
              -37.78961405908607
            ],
            [
              144.9372089210001,
              -37.78962107408608
            ],
            [
              144.9372028790001,
              -37.789629089086056
            ],
            [
              144.937197899,
              -37.78963612308608
            ],
            [
              144.93719185700002,
              -37.78964412808606
            ],
            [
              144.93718582500003,
              -37.789652134086076
            ],
            [
              144.93717981400005,
              -37.789659158086046
            ],
            [
              144.93717480200007,
              -37.78966709308609
            ],
            [
              144.93716879200008,
              -37.789674108086075
            ],
            [
              144.93716285000005,
              -37.789682123086074
            ],
            [
              144.93715683000005,
              -37.78968913808607
            ],
            [
              144.93715182800008,
              -37.78969716308607
            ],
            [
              144.9371457860001,
              -37.789705168086044
            ],
            [
              144.9371397760001,
              -37.78971219308604
            ],
            [
              144.9371337340001,
              -37.789720198086044
            ],
            [
              144.93712978300005,
              -37.78972716208605
            ],
            [
              144.93712374100005,
              -37.78973516708605
            ],
            [
              144.93711769900005,
              -37.789743182086085
            ],
            [
              144.93711166700007,
              -37.78975118808606
            ],
            [
              144.9371066550001,
              -37.78975921308606
            ],
            [
              144.93710168500002,
              -37.789766153086056
            ],
            [
              144.9370956580001,
              -37.78977415308603
            ],
            [
              144.93708966000008,
              -37.78978117308609
            ],
            [
              144.93708466600003,
              -37.78978919808608
            ],
            [
              144.93707967300008,
              -37.7897972230861
            ],
            [
              144.93707375100007,
              -37.78980522808607
            ],
            [
              144.937067758,
              -37.789812162086065
            ],
            [
              144.93706276500006,
              -37.789820187086065
            ],
            [
              144.93705777200012,
              -37.789828212086064
            ],
            [
              144.93705177900006,
              -37.78983522708606
            ],
            [
              144.9370467660001,
              -37.789844242086055
            ],
            [
              144.93704077400002,
              -37.78985126708606
            ],
            [
              144.9370368100001,
              -37.78985921708605
            ],
            [
              144.93703081700005,
              -37.789866227086044
            ],
            [
              144.93702578600005,
              -37.78987522608609
            ],
            [
              144.93701978600006,
              -37.78988222608608
            ],
            [
              144.93701582500012,
              -37.78989016508607
            ],
            [
              144.93700982500002,
              -37.78989717508606
            ],
            [
              144.93700479300003,
              -37.78990617308606
            ],
            [
              144.93699879300004,
              -37.78991317308604
            ],
            [
              144.93699379200007,
              -37.78992118208604
            ],
            [
              144.9369887910001,
              -37.789929101086074
            ],
            [
              144.93698380000012,
              -37.78993712008608
            ],
            [
              144.93697779100012,
              -37.78994411908609
            ],
            [
              144.93697276900002,
              -37.78995311708607
            ],
            [
              144.93696873800002,
              -37.78996006808606
            ],
            [
              144.93696279900007,
              -37.78996806408608
            ],
            [
              144.93695779900008,
              -37.78997608508607
            ],
            [
              144.93695280000009,
              -37.78998410508607
            ],
            [
              144.9369478110001,
              -37.78999213608606
            ],
            [
              144.9369428120001,
              -37.79000006708608
            ],
            [
              144.93693774300004,
              -37.790007097086026
            ],
            [
              144.936932812,
              -37.79001611308606
            ],
            [
              144.93692681200002,
              -37.79002313208608
            ],
            [
              144.93692274900002,
              -37.79003108908606
            ],
            [
              144.93691774800004,
              -37.79003911708609
            ],
            [
              144.93691274600008,
              -37.79004714608604
            ],
            [
              144.9369077550001,
              -37.79005517408606
            ],
            [
              144.93690378200006,
              -37.79006313108604
            ],
            [
              144.93689878100008,
              -37.79007117008606
            ],
            [
              144.93689275000008,
              -37.79007917908606
            ],
            [
              144.9368877490001,
              -37.79008720708603
            ],
            [
              144.93688275700003,
              -37.79009514508604
            ],
            [
              144.93687878700007,
              -37.79010318608604
            ],
            [
              144.93687371800002,
              -37.79011021608605
            ],
            [
              144.93686878900007,
              -37.79011922608604
            ],
            [
              144.93686379000007,
              -37.79012715708606
            ],
            [
              144.93685880100008,
              -37.790135187086065
            ],
            [
              144.93685473200003,
              -37.79014321708607
            ],
            [
              144.93684974400003,
              -37.79015115708606
            ],
            [
              144.93684477700003,
              -37.790158187086064
            ],
            [
              144.93683974900011,
              -37.790167197086056
            ],
            [
              144.93683478200012,
              -37.790174227086055
            ],
            [
              144.93683181200004,
              -37.79018318708605
            ],
            [
              144.93682682500003,
              -37.790191207086046
            ],
            [
              144.93682172800004,
              -37.790199227086056
            ],
            [
              144.93681674000004,
              -37.79020715708604
            ],
            [
              144.93681277200005,
              -37.790215197086034
            ],
            [
              144.93680777300006,
              -37.79022320508605
            ],
            [
              144.9368038030001,
              -37.79023114108608
            ],
            [
              144.9367988040001,
              -37.790239148086044
            ],
            [
              144.9367938150001,
              -37.790247155086064
            ],
            [
              144.9367898150001,
              -37.79025607808605
            ],
            [
              144.9367857850001,
              -37.790263116086045
            ],
            [
              144.93678075600008,
              -37.790272110086086
            ],
            [
              144.93677575700008,
              -37.79028011708604
            ],
            [
              144.9367718190001,
              -37.79028707308602
            ],
            [
              144.93676680300007,
              -37.79029608408607
            ],
            [
              144.93676283500008,
              -37.790304034086056
            ],
            [
              144.936758778,
              -37.790312075086064
            ],
            [
              144.9367537820001,
              -37.79032009608605
            ],
            [
              144.93674878600007,
              -37.79032811708602
            ],
            [
              144.93674481800008,
              -37.79033606708603
            ],
            [
              144.93674085100008,
              -37.79034410808603
            ],
            [
              144.93673679300002,
              -37.79035205808603
            ],
            [
              144.9367317770001,
              -37.79036106908605
            ],
            [
              144.9367278100001,
              -37.790369109086065
            ],
            [
              144.9367228110001,
              -37.79037705208602
            ],
            [
              144.9367197800001,
              -37.79038512608608
            ],
            [
              144.93671485100003,
              -37.79039415608609
            ],
            [
              144.936710811,
              -37.790401132086025
            ],
            [
              144.93670682000004,
              -37.79041018008606
            ],
            [
              144.93670182100004,
              -37.790418218086046
            ],
            [
              144.93669785300006,
              -37.79042617608607
            ],
            [
              144.9366938600001,
              -37.79043519108606
            ],
            [
              144.93668983800012,
              -37.790442137086046
            ],
            [
              144.93668584500006,
              -37.79045115208603
            ],
            [
              144.9366808640001,
              -37.79045915608603
            ],
            [
              144.93667690100006,
              -37.79046709208606
            ],
            [
              144.93667384100002,
              -37.790476135086024
            ],
            [
              144.93666987200004,
              -37.79048408908605
            ],
            [
              144.93666487400003,
              -37.79049211208606
            ],
            [
              144.93666090500005,
              -37.79050015608604
            ],
            [
              144.93665684600012,
              -37.79050810908605
            ],
            [
              144.93665285600002,
              -37.79051714308608
            ],
            [
              144.93664982500002,
              -37.79052511708604
            ],
            [
              144.9366448280001,
              -37.79053314008606
            ],
            [
              144.936640828,
              -37.79054217508607
            ],
            [
              144.93663688900006,
              -37.79054913708605
            ],
            [
              144.93663289900007,
              -37.790558172086065
            ],
            [
              144.93662883000002,
              -37.79056611508607
            ],
            [
              144.93662590000008,
              -37.790574179086065
            ],
            [
              144.9366219000001,
              -37.79058312308606
            ],
            [
              144.93661784100004,
              -37.79059116708603
            ],
            [
              144.93661387200007,
              -37.790599211086054
            ],
            [
              144.93660987200008,
              -37.79060815508606
            ],
            [
              144.9366059130001,
              -37.790616198086035
            ],
            [
              144.9366028720001,
              -37.790624162086054
            ],
            [
              144.9365988830001,
              -37.79063319708606
            ],
            [
              144.93659491300002,
              -37.79064115008602
            ],
            [
              144.93659091900008,
              -37.790650164086024
            ],
            [
              144.9365868640001,
              -37.790658189086024
            ],
            [
              144.93658291200006,
              -37.790666132086045
            ],
            [
              144.93657984800006,
              -37.790675187086066
            ],
            [
              144.93657691400006,
              -37.79068315508604
            ],
            [
              144.93657284100004,
              -37.790691206086045
            ],
            [
              144.9365688480001,
              -37.79070015608603
            ],
            [
              144.9365648810001,
              -37.79070819408607
            ],
            [
              144.936560922,
              -37.79071612808606
            ],
            [
              144.93655889800004,
              -37.79072517708605
            ],
            [
              144.93655494900008,
              -37.790733111086034
            ],
            [
              144.93655089000003,
              -37.790741135086044
            ],
            [
              144.93654691000006,
              -37.790750148086055
            ],
            [
              144.93654397800003,
              -37.790758105086034
            ],
            [
              144.9365399290001,
              -37.79076603908603
            ],
            [
              144.93653696800004,
              -37.79077506508609
            ],
            [
              144.93653394500006,
              -37.79078302308605
            ],
            [
              144.93652998000005,
              -37.790791060086036
            ],
            [
              144.93652702200006,
              -37.79080001908605
            ],
            [
              144.93652302600003,
              -37.79080904608608
            ],
            [
              144.93651897100005,
              -37.79081708308606
            ],
            [
              144.93651600300007,
              -37.790826031086084
            ],
            [
              144.93651297500003,
              -37.790833999086054
            ],
            [
              144.93651003800005,
              -37.790842058086035
            ],
            [
              144.93650595200006,
              -37.79085099508606
            ],
            [
              144.93650301500008,
              -37.790859043086044
            ],
            [
              144.93649895900012,
              -37.79086699008606
            ],
            [
              144.93649600100002,
              -37.790876039086044
            ],
            [
              144.93649303300003,
              -37.79088499708607
            ],
            [
              144.9364900060001,
              -37.790893045086044
            ],
            [
              144.93648697900005,
              -37.79090101408607
            ],
            [
              144.93648298300002,
              -37.79091004108604
            ],
            [
              144.93648004500005,
              -37.79091800908607
            ],
            [
              144.9364769870001,
              -37.79092704808604
            ],
            [
              144.9364740300001,
              -37.79093600608606
            ],
            [
              144.93646999500004,
              -37.79094305308606
            ],
            [
              144.9364680650001,
              -37.79095202308607
            ],
            [
              144.93646500700004,
              -37.790960981086045
            ],
            [
              144.93646104100003,
              -37.79096901808603
            ],
            [
              144.9364580140001,
              -37.79097697708603
            ],
            [
              144.9364550460001,
              -37.790986025086085
            ],
            [
              144.936452088,
              -37.79099498408603
            ],
            [
              144.9364490490001,
              -37.791003043086064
            ],
            [
              144.9364450590001,
              -37.79101198308606
            ],
            [
              144.9364430590001,
              -37.791019963086015
            ],
            [
              144.93644008900003,
              -37.791029013086046
            ],
            [
              144.936437059,
              -37.79103697308604
            ],
            [
              144.93643408900004,
              -37.79104602408605
            ],
            [
              144.93643105900003,
              -37.79105399408606
            ],
            [
              144.9364279990001,
              -37.79106303408608
            ],
            [
              144.93642503900003,
              -37.79107199408607
            ],
            [
              144.936422009,
              -37.79107996408603
            ],
            [
              144.936419999,
              -37.79108803408607
            ],
            [
              144.93641703900005,
              -37.79109699408606
            ],
            [
              144.93641406900008,
              -37.791106044086035
            ],
            [
              144.93641102900006,
              -37.79111401208606
            ],
            [
              144.9364080570001,
              -37.79112298208607
            ],
            [
              144.9364050060001,
              -37.79113105108607
            ],
            [
              144.93640203400003,
              -37.79114001108606
            ],
            [
              144.93639898200001,
              -37.791148080086046
            ],
            [
              144.93639797000003,
              -37.79115708008603
            ],
            [
              144.93639499800008,
              -37.791166050086034
            ],
            [
              144.9363919650001,
              -37.791174112086054
            ],
            [
              144.93638900300004,
              -37.79118305508606
            ],
            [
              144.93638598200005,
              -37.79119101808603
            ],
            [
              144.93638395900007,
              -37.791200073086046
            ],
            [
              144.93638100700002,
              -37.79120902608607
            ],
            [
              144.93637797600002,
              -37.79121707908605
            ],
            [
              144.936376052,
              -37.79122604308608
            ],
            [
              144.93637402900004,
              -37.79123501708605
            ],
            [
              144.93637100700005,
              -37.79124297008607
            ],
            [
              144.93636900400008,
              -37.79125104508604
            ],
            [
              144.93636602300012,
              -37.79126098808605
            ],
            [
              144.93636308700002,
              -37.791269034086056
            ],
            [
              144.93636108700002,
              -37.791277024086035
            ],
            [
              144.9363580270001,
              -37.79128597408602
            ],
            [
              144.93635608700004,
              -37.791295044086056
            ],
            [
              144.93635305700002,
              -37.79130301408608
            ],
            [
              144.93635102700011,
              -37.79131198408602
            ],
            [
              144.93634902700012,
              -37.791319964086036
            ],
            [
              144.93634603700002,
              -37.791330004086056
            ],
            [
              144.93634405700004,
              -37.79133700408604
            ],
            [
              144.93634203700003,
              -37.79134597408604
            ],
            [
              144.93633906700006,
              -37.79135502408606
            ],
            [
              144.93633703700004,
              -37.791363994086076
            ],
            [
              144.93633406700008,
              -37.791373044086036
            ],
            [
              144.93633206700008,
              -37.79138102308607
            ],
            [
              144.93633003700006,
              -37.79139000308602
            ],
            [
              144.9363270770001,
              -37.79139896308603
            ],
            [
              144.93632600700005,
              -37.791406963086075
            ],
            [
              144.9363240670001,
              -37.791416023086036
            ],
            [
              144.93632103700008,
              -37.79142399308604
            ],
            [
              144.93631900700007,
              -37.79143296308605
            ],
            [
              144.936317077,
              -37.79144203308603
            ],
            [
              144.936315067,
              -37.791450013086056
            ],
            [
              144.9363120170001,
              -37.79145897308605
            ],
            [
              144.93631007700003,
              -37.791468043086034
            ],
            [
              144.936308047,
              -37.79147701308604
            ],
            [
              144.93630604700002,
              -37.79148499308606
            ],
            [
              144.9363040170001,
              -37.79149397308601
            ],
            [
              144.9363030170001,
              -37.79150296408604
            ],
            [
              144.93630007700006,
              -37.79151102408606
            ],
            [
              144.93629804700004,
              -37.791519994086016
            ],
            [
              144.93629604700004,
              -37.79152798408604
            ],
            [
              144.93629408700008,
              -37.79153803408606
            ],
            [
              144.93629207700008,
              -37.79154602408604
            ],
            [
              144.93629005700006,
              -37.79155499408604
            ],
            [
              144.93628804700006,
              -37.791562973086016
            ],
            [
              144.93628601700004,
              -37.791572043086056
            ],
            [
              144.9362840870001,
              -37.791581013086066
            ],
            [
              144.93628205700008,
              -37.79158999308603
            ],
            [
              144.9362800570001,
              -37.79159797308605
            ],
            [
              144.9362790570001,
              -37.791606973086026
            ],
            [
              144.9362780570001,
              -37.791615963086045
            ],
            [
              144.9362760470001,
              -37.79162403308602
            ],
            [
              144.93627402700008,
              -37.79163301308604
            ],
            [
              144.93627208700002,
              -37.79164198308605
            ],
            [
              144.93627005700012,
              -37.79165096308606
            ],
            [
              144.9362680270001,
              -37.79166002308604
            ],
            [
              144.936267057,
              -37.79166802308602
            ],
            [
              144.9362650270001,
              -37.79167700308604
            ],
            [
              144.93626308700004,
              -37.79168597308605
            ],
            [
              144.93626105700002,
              -37.79169504308602
            ],
            [
              144.93626008700005,
              -37.79170304308606
            ],
            [
              144.93625805700003,
              -37.79171201308607
            ],
            [
              144.93625605700004,
              -37.79172000308604
            ],
            [
              144.93625502700002,
              -37.79172998308606
            ],
            [
              144.93625405700004,
              -37.791737983086044
            ],
            [
              144.93625305700004,
              -37.79174697308606
            ],
            [
              144.93625102700003,
              -37.79175604308604
            ],
            [
              144.93625099700012,
              -37.79175703308603
            ],
            [
              144.9356697710001,
              -37.794976289086016
            ],
            [
              144.93565450800008,
              -37.79506504708603
            ],
            [
              144.93566080800008,
              -37.795115398086
            ],
            [
              144.93565832900003,
              -37.795155141086
            ],
            [
              144.935658073,
              -37.795158845086
            ],
            [
              144.93565693100004,
              -37.795202876086016
            ],
            [
              144.93565618900004,
              -37.79529990908605
            ],
            [
              144.93565062100004,
              -37.79534808608604
            ],
            [
              144.93564460900006,
              -37.79539672608602
            ],
            [
              144.93564268700004,
              -37.79546086108602
            ],
            [
              144.93564292000008,
              -37.79552506408599
            ],
            [
              144.93564482800002,
              -37.79556703508601
            ],
            [
              144.93564575400012,
              -37.795610020086016
            ],
            [
              144.9356445520001,
              -37.79566630608604
            ],
            [
              144.9356404030001,
              -37.79572162308601
            ],
            [
              144.93563953400007,
              -37.795772096086
            ],
            [
              144.9356394880001,
              -37.79582029108603
            ],
            [
              144.93564534300003,
              -37.795869277086
            ],
            [
              144.9356493780001,
              -37.79589420208599
            ],
            [
              144.93565231600007,
              -37.795918201085996
            ],
            [
              144.93565462000004,
              -37.795969383085975
            ],
            [
              144.93565601900002,
              -37.79602156708601
            ],
            [
              144.9356580330001,
              -37.796072599085996
            ],
            [
              144.9356587300001,
              -37.79612266708601
            ],
            [
              144.93565963100002,
              -37.796166651086004
            ],
            [
              144.93566062800005,
              -37.796211689086
            ],
            [
              144.9356630310001,
              -37.79628546808599
            ],
            [
              144.93566505700005,
              -37.796309434086
            ],
            [
              144.93566902600003,
              -37.796334456086
            ],
            [
              144.93567395900004,
              -37.796357445085995
            ],
            [
              144.93568102400002,
              -37.79642647908603
            ],
            [
              144.93568882500006,
              -37.79649446708598
            ],
            [
              144.93569484700004,
              -37.79655679408601
            ],
            [
              144.93570199900012,
              -37.79661764708598
            ],
            [
              144.9357121270001,
              -37.79668968608602
            ],
            [
              144.9357231340001,
              -37.79675955008603
            ],
            [
              144.93573503200003,
              -37.79682450408601
            ],
            [
              144.93574912200006,
              -37.79688858308598
            ],
            [
              144.93576118400006,
              -37.796947557085986
            ],
            [
              144.93577635400004,
              -37.79700556708601
            ],
            [
              144.93579436900006,
              -37.79707858708602
            ],
            [
              144.93581625600007,
              -37.797149622085975
            ],
            [
              144.93581822900012,
              -37.797170545086
            ],
            [
              144.93582129000004,
              -37.797192571086015
            ],
            [
              144.93583026300007,
              -37.79723451608597
            ],
            [
              144.93583738200005,
              -37.79727651308602
            ],
            [
              144.93584744500004,
              -37.79731749108597
            ],
            [
              144.93585848100008,
              -37.797356506086
            ],
            [
              144.93587083400007,
              -37.79739444108603
            ],
            [
              144.9358813010001,
              -37.79743374008601
            ],
            [
              144.93589250800005,
              -37.797474545085976
            ],
            [
              144.93590257300002,
              -37.79751489608603
            ],
            [
              144.9359266450001,
              -37.79761398908598
            ],
            [
              144.93595055800006,
              -37.797702547086004
            ],
            [
              144.93596915000012,
              -37.79778003008598
            ],
            [
              144.93598195200002,
              -37.79782781008597
            ],
            [
              144.9359947580001,
              -37.797877790086005
            ],
            [
              144.93600869800002,
              -37.79792402108599
            ],
            [
              144.9360227080001,
              -37.79797124908597
            ],
            [
              144.9360447240001,
              -37.79807089808601
            ],
            [
              144.9360617960001,
              -37.79812063308597
            ],
            [
              144.93607641200003,
              -37.798171127086015
            ],
            [
              144.93608894800002,
              -37.798228541085976
            ],
            [
              144.93610188800005,
              -37.79828619808599
            ],
            [
              144.93611993000002,
              -37.79833596008599
            ],
            [
              144.93613698000001,
              -37.79838463308597
            ],
            [
              144.936148053,
              -37.798428481086
            ],
            [
              144.93615713100007,
              -37.79847320808598
            ],
            [
              144.93616717500004,
              -37.798519762085974
            ],
            [
              144.93617508700004,
              -37.79856115708602
            ],
            [
              144.936186001,
              -37.79861213208597
            ],
            [
              144.93619502400009,
              -37.79866323608599
            ],
            [
              144.93620197400003,
              -37.79869222208597
            ],
            [
              144.9362059220001,
              -37.79872124008598
            ],
            [
              144.9362069340001,
              -37.79875416708599
            ],
            [
              144.93620891000012,
              -37.79878719408596
            ],
            [
              144.936210855,
              -37.79882015508601
            ],
            [
              144.9362118670001,
              -37.79885316008598
            ],
            [
              144.936212844,
              -37.798881206085994
            ],
            [
              144.93621279,
              -37.79890923408596
            ],
            [
              144.93621174600003,
              -37.79892616108595
            ],
            [
              144.9362107920001,
              -37.79894317708597
            ],
            [
              144.93620573200008,
              -37.79897923608599
            ],
            [
              144.9362007300001,
              -37.79901628808598
            ],
            [
              144.93619672300008,
              -37.799058255085995
            ],
            [
              144.93619160600008,
              -37.79909930308601
            ],
            [
              144.93618158900006,
              -37.799151451085955
            ],
            [
              144.9361695440001,
              -37.79920247108596
            ],
            [
              144.936150461,
              -37.79927351908594
            ],
            [
              144.93613344300002,
              -37.79934458708596
            ],
            [
              144.93612242100005,
              -37.799389748085964
            ],
            [
              144.93611542500003,
              -37.799411757085984
            ],
            [
              144.93610740000008,
              -37.799433834085974
            ],
            [
              144.9360762540001,
              -37.79956718408596
            ],
            [
              144.93604696700004,
              -37.799702296085975
            ],
            [
              144.93602397100005,
              -37.799810753085985
            ],
            [
              144.93600292400004,
              -37.79991998008598
            ],
            [
              144.9359925450001,
              -37.800094105085975
            ],
            [
              144.93598955100003,
              -37.800153329085965
            ],
            [
              144.9359915020001,
              -37.800211284085954
            ],
            [
              144.93599806400005,
              -37.800268617085976
            ],
            [
              144.93603731300004,
              -37.80047109208595
            ],
            [
              144.93606520700007,
              -37.800569914086
            ],
            [
              144.93610077000005,
              -37.80066649508597
            ],
            [
              144.93617927200012,
              -37.80085450408597
            ],
            [
              144.93626002200006,
              -37.801041842085965
            ],
            [
              144.9363100390001,
              -37.80116486608596
            ],
            [
              144.93635807600003,
              -37.801287915085986
            ],
            [
              144.93638815500003,
              -37.801378864085954
            ],
            [
              144.93640717100004,
              -37.80147179108599
            ],
            [
              144.936412162,
              -37.80151985808594
            ],
            [
              144.9364121310001,
              -37.80156990808598
            ],
            [
              144.93640813100012,
              -37.80161790608597
            ],
            [
              144.93640102000006,
              -37.801666937085976
            ],
            [
              144.93639207700005,
              -37.801722033085966
            ],
            [
              144.93638304700005,
              -37.80177701408598
            ],
            [
              144.93636999700004,
              -37.80183201308596
            ],
            [
              144.93635507500005,
              -37.80188698008595
            ],
            [
              144.936342501,
              -37.801930737085954
            ],
            [
              144.93633595100005,
              -37.80195254508594
            ],
            [
              144.936326516,
              -37.80197443808594
            ],
            [
              144.9363045130001,
              -37.80201642108596
            ],
            [
              144.93628056800003,
              -37.80205864508598
            ],
            [
              144.93626315500012,
              -37.80208686408599
            ],
            [
              144.93624391600008,
              -37.80211373208595
            ],
            [
              144.9362145030001,
              -37.80215757608595
            ],
            [
              144.9362051910001,
              -37.802166813085975
            ],
            [
              144.93619480000007,
              -37.80217779208594
            ],
            [
              144.9361706730001,
              -37.80220420408595
            ],
            [
              144.93615687700003,
              -37.802218687085976
            ],
            [
              144.9361410670001,
              -37.80223399308595
            ],
            [
              144.93612006700005,
              -37.80226497308597
            ],
            [
              144.93609700700006,
              -37.80229601308598
            ],
            [
              144.93606901700002,
              -37.80232598308592
            ],
            [
              144.93604207700002,
              -37.80235497308596
            ],
            [
              144.93603504700002,
              -37.80236196308594
            ],
            [
              144.9346610240001,
              -37.80168501708595
            ],
            [
              144.93398766600012,
              -37.80140578708596
            ],
            [
              144.93382553800006,
              -37.80134166308596
            ],
            [
              144.93336678600008,
              -37.80117414708599
            ],
            [
              144.93294993200004,
              -37.80103048508595
            ],
            [
              144.93293957900005,
              -37.80102664308594
            ],
            [
              144.93292812700008,
              -37.80102378808594
            ],
            [
              144.93291880900006,
              -37.80102085208596
            ],
            [
              144.93290745000002,
              -37.801017986085974
            ],
            [
              144.9328981640001,
              -37.80101406408596
            ],
            [
              144.93288699700008,
              -37.80101106108596
            ],
            [
              144.9328782560001,
              -37.80100696108598
            ],
            [
              144.93286755400004,
              -37.80100369408597
            ],
            [
              144.9328576480001,
              -37.80099966108599
            ],
            [
              144.93284728300011,
              -37.80099687908597
            ],
            [
              144.9328372010001,
              -37.80099270408596
            ],
            [
              144.93282709300001,
              -37.80098962508595
            ],
            [
              144.9328170120001,
              -37.800985449086006
            ],
            [
              144.93280699500008,
              -37.80098236108597
            ],
            [
              144.9327968870001,
              -37.80097927208595
            ],
            [
              144.93278680600008,
              -37.80097509608595
            ],
            [
              144.93277674600006,
              -37.800971964086
            ],
            [
              144.9327668400001,
              -37.80096877508595
            ],
            [
              144.93275684500009,
              -37.80096549308598
            ],
            [
              144.93274684900007,
              -37.800962303085946
            ],
            [
              144.93273688500005,
              -37.80095802108599
            ],
            [
              144.93272595200006,
              -37.80095480208597
            ],
            [
              144.93271694600003,
              -37.80094954708596
            ],
            [
              144.93270588000007,
              -37.80094744708593
            ],
            [
              144.9326968050001,
              -37.80094439808596
            ],
            [
              144.9326857860001,
              -37.80094029208595
            ],
            [
              144.93267673100002,
              -37.800937152085964
            ],
            [
              144.93266557700008,
              -37.800934049085974
            ],
            [
              144.9326565460001,
              -37.80092990608596
            ],
            [
              144.9326454940001,
              -37.80092681408598
            ],
            [
              144.93263642800002,
              -37.80092376508599
            ],
            [
              144.93262531900007,
              -37.800919567086
            ],
            [
              144.93261521500006,
              -37.80091649108596
            ],
            [
              144.93260526300003,
              -37.80091341408598
            ],
            [
              144.9325957840001,
              -37.800909220086
            ],
            [
              144.93258624600003,
              -37.800906123085944
            ],
            [
              144.93257580700003,
              -37.800903007085985
            ],
            [
              144.93256725900005,
              -37.80089984708599
            ],
            [
              144.93255679000004,
              -37.800895716085954
            ],
            [
              144.93254824200005,
              -37.80089255608595
            ],
            [
              144.93253780300006,
              -37.80088943008598
            ],
            [
              144.9325292530001,
              -37.800886361085986
            ],
            [
              144.93251868200002,
              -37.800883464085985
            ],
            [
              144.93251014300006,
              -37.80087953608597
            ],
            [
              144.93249964400002,
              -37.80087671708599
            ],
            [
              144.9324890570001,
              -37.800873909085965
            ],
            [
              144.93248046000008,
              -37.80087099508597
            ],
            [
              144.93246996000005,
              -37.80086817508594
            ],
            [
              144.93246142200007,
              -37.80086424708599
            ],
            [
              144.93245083500005,
              -37.80086142908594
            ],
            [
              144.93244223500005,
              -37.80085860708596
            ],
            [
              144.9324317380001,
              -37.800855706086
            ],
            [
              144.93242214500003,
              -37.80085288608598
            ],
            [
              144.93241263900006,
              -37.80085006408598
            ],
            [
              144.93240310700003,
              -37.80084613808595
            ],
            [
              144.93239351400007,
              -37.80084331808598
            ],
            [
              144.93238392000012,
              -37.80084049808597
            ],
            [
              144.93237342300006,
              -37.800837587085994
            ],
            [
              144.9323638300001,
              -37.80083477708599
            ],
            [
              144.93235432400002,
              -37.800831955085975
            ],
            [
              144.93234379800003,
              -37.800828031085985
            ],
            [
              144.93233519900002,
              -37.800825209085986
            ],
            [
              144.93232436900007,
              -37.800822442085966
            ],
            [
              144.93231536500002,
              -37.80081959408596
            ],
            [
              144.932304315,
              -37.80081684908595
            ],
            [
              144.93229437900004,
              -37.80081410608596
            ],
            [
              144.93228436100003,
              -37.800810261085985
            ],
            [
              144.9322743350001,
              -37.800807510085974
            ],
            [
              144.93226337500005,
              -37.800804763085985
            ],
            [
              144.93225438100012,
              -37.80080191508597
            ],
            [
              144.9322433210001,
              -37.80079917008595
            ],
            [
              144.93223339500003,
              -37.80079642708597
            ],
            [
              144.9322233680001,
              -37.80079358508595
            ],
            [
              144.93221240700007,
              -37.800790838085966
            ],
            [
              144.9322034050001,
              -37.800788081085955
            ],
            [
              144.9321923560001,
              -37.800785336086
            ],
            [
              144.93218241800002,
              -37.80078250208595
            ],
            [
              144.9321723920001,
              -37.80077975208599
            ],
            [
              144.93216236400008,
              -37.80077691008597
            ],
            [
              144.93215140400002,
              -37.80077416308597
            ],
            [
              144.93214240200007,
              -37.80077140608597
            ],
            [
              144.93212139600007,
              -37.80076574008598
            ],
            [
              144.93211133700004,
              -37.800762894085956
            ],
            [
              144.9321013860001,
              -37.80076002908596
            ],
            [
              144.93209030700007,
              -37.80075706908599
            ],
            [
              144.93208034600002,
              -37.800754204086
            ],
            [
              144.93207029600012,
              -37.80075134108597
            ],
            [
              144.93205933900003,
              -37.80074838408597
            ],
            [
              144.93205028800003,
              -37.80074422008595
            ],
            [
              144.93204835300003,
              -37.800744157085944
            ],
            [
              144.93203939500006,
              -37.800742059085955
            ],
            [
              144.9320295120001,
              -37.800738944085985
            ],
            [
              144.93201938700008,
              -37.800735874085944
            ],
            [
              144.93200923300003,
              -37.80073292108596
            ],
            [
              144.93199813400008,
              -37.80072996008595
            ],
            [
              144.93198797900004,
              -37.80072691708596
            ],
            [
              144.931982908,
              -37.80072494608596
            ],
            [
              144.9319778260001,
              -37.80072396408599
            ],
            [
              144.9319677730001,
              -37.800721011085955
            ],
            [
              144.93195760600008,
              -37.80071895708597
            ],
            [
              144.931956581,
              -37.80071794908599
            ],
            [
              144.9319465760001,
              -37.80071594608598
            ],
            [
              144.93193664800003,
              -37.80071260508594
            ],
            [
              144.93191601600006,
              -37.800704412085956
            ],
            [
              144.931906152,
              -37.800700896085964
            ],
            [
              144.9318963180001,
              -37.80069755908597
            ],
            [
              144.9318853310001,
              -37.800695518085945
            ],
            [
              144.93187631700005,
              -37.80069243008597
            ],
            [
              144.93186524700002,
              -37.80068938808597
            ],
            [
              144.9318552960001,
              -37.800686369085945
            ],
            [
              144.93184422600007,
              -37.80068324708599
            ],
            [
              144.93183528400004,
              -37.80068125008598
            ],
            [
              144.9318242280001,
              -37.80067818608597
            ],
            [
              144.93181430200002,
              -37.800675047085974
            ],
            [
              144.931803252,
              -37.80067198308597
            ],
            [
              144.9317932360001,
              -37.80066793308594
            ],
            [
              144.93178331000001,
              -37.800664794085954
            ],
            [
              144.93177233000006,
              -37.80066272208598
            ],
            [
              144.9317623060001,
              -37.80065967408598
            ],
            [
              144.93175228100006,
              -37.80065662508599
            ],
            [
              144.93174233700006,
              -37.80065449708598
            ],
            [
              144.93173127600005,
              -37.80065142408596
            ],
            [
              144.93172135100008,
              -37.80064837608597
            ],
            [
              144.93171132700002,
              -37.800645327085995
            ],
            [
              144.9317013010001,
              -37.80064218708599
            ],
            [
              144.93169034000005,
              -37.80063912408599
            ],
            [
              144.93168038700003,
              -37.80063707808596
            ],
            [
              144.9316703620001,
              -37.800634029085984
            ],
            [
              144.93166033700004,
              -37.80063088908599
            ],
            [
              144.9316493670001,
              -37.800628828085955
            ],
            [
              144.9316394320001,
              -37.800625780085966
            ],
            [
              144.9316283820001,
              -37.80062270608596
            ],
            [
              144.93161844600002,
              -37.80061957708595
            ],
            [
              144.93160842100008,
              -37.80061652808599
            ],
            [
              144.93159747000004,
              -37.80061345508597
            ],
            [
              144.93158742700007,
              -37.800611408085956
            ],
            [
              144.931576467,
              -37.80060828008595
            ],
            [
              144.9315674710001,
              -37.80060529508597
            ],
            [
              144.9315564960001,
              -37.80060330108598
            ],
            [
              144.93154648400002,
              -37.80060021708597
            ],
            [
              144.93153552600006,
              -37.800597207085964
            ],
            [
              144.93152550500008,
              -37.80059422508595
            ],
            [
              144.93151555600002,
              -37.80059223908597
            ],
            [
              144.93150553300006,
              -37.80058915508596
            ],
            [
              144.9314945760001,
              -37.80058614508596
            ],
            [
              144.93148454700008,
              -37.800584159085986
            ],
            [
              144.93147360700004,
              -37.80058015308594
            ],
            [
              144.9314635600001,
              -37.80057807508599
            ],
            [
              144.93145356900004,
              -37.800575085086
            ],
            [
              144.93144252700006,
              -37.80057309408596
            ],
            [
              144.9314325150001,
              -37.800570102086006
            ],
            [
              144.93142157300008,
              -37.80056809908598
            ],
            [
              144.931411571,
              -37.800565016085955
            ],
            [
              144.93140165900002,
              -37.800562034086
            ],
            [
              144.93139165800005,
              -37.80055904308597
            ],
            [
              144.9313807320001,
              -37.80055594208597
            ],
            [
              144.93137071400008,
              -37.80055395708598
            ],
            [
              144.93135976200006,
              -37.80055196308599
            ],
            [
              144.9313497610001,
              -37.80054897208595
            ],
            [
              144.93133985800011,
              -37.800545889085974
            ],
            [
              144.93132984700003,
              -37.80054289708596
            ],
            [
              144.931318905,
              -37.80054090408595
            ],
            [
              144.93130890400005,
              -37.800537912085986
            ],
            [
              144.93129795200002,
              -37.800535909085966
            ],
            [
              144.93128804900005,
              -37.800532826086005
            ],
            [
              144.9312770240001,
              -37.800529827086
            ],
            [
              144.93126709600006,
              -37.80052784108596
            ],
            [
              144.93125706000012,
              -37.80052484808595
            ],
            [
              144.93124605600008,
              -37.80052284208597
            ],
            [
              144.9312360130001,
              -37.80051975608598
            ],
            [
              144.931225024,
              -37.80051675408593
            ],
            [
              144.93121504700002,
              -37.800514766086
            ],
            [
              144.93120398300005,
              -37.800510748085976
            ],
            [
              144.93119400000012,
              -37.800509684085974
            ],
            [
              144.93118394900011,
              -37.800506690085975
            ],
            [
              144.93117398700008,
              -37.80050369608596
            ],
            [
              144.93116298300004,
              -37.80050170008599
            ],
            [
              144.9311529250001,
              -37.80049962008599
            ],
            [
              144.93114193600002,
              -37.80049660808595
            ],
            [
              144.93113195900003,
              -37.800494620086
            ],
            [
              144.93112088700002,
              -37.800491617085974
            ],
            [
              144.9311108610001,
              -37.80048852408594
            ],
            [
              144.93110092100005,
              -37.80048652908596
            ],
            [
              144.93108994700003,
              -37.80048451508599
            ],
            [
              144.9310799220001,
              -37.800481525085964
            ],
            [
              144.93106897200005,
              -37.80047850508595
            ],
            [
              144.931059021,
              -37.80047641908596
            ],
            [
              144.931048056,
              -37.800474415085944
            ],
            [
              144.93103803100007,
              -37.800471415085944
            ],
            [
              144.93102707100002,
              -37.80046839508601
            ],
            [
              144.9310060580001,
              -37.80046439608599
            ],
            [
              144.93099604100007,
              -37.80046130408596
            ],
            [
              144.930986092,
              -37.80045930908598
            ],
            [
              144.93097606700007,
              -37.80045630808598
            ],
            [
              144.93096509300005,
              -37.800454305085964
            ],
            [
              144.9309551660001,
              -37.800451213085985
            ],
            [
              144.93094419200008,
              -37.80044919908596
            ],
            [
              144.93093416700003,
              -37.80044620808599
            ],
            [
              144.93092320200003,
              -37.80044419408597
            ],
            [
              144.93091325300009,
              -37.80044219908597
            ],
            [
              144.93090220200008,
              -37.800439099085956
            ],
            [
              144.93089224100004,
              -37.80043610408598
            ],
            [
              144.93088115800003,
              -37.800434097086
            ],
            [
              144.9308701550001,
              -37.80043210008597
            ],
            [
              144.9308601890001,
              -37.80043011108598
            ],
            [
              144.93084919700004,
              -37.80042709808595
            ],
            [
              144.9308391300001,
              -37.800425018085946
            ],
            [
              144.9308291640001,
              -37.800423039085956
            ],
            [
              144.93081910000012,
              -37.80042004508595
            ],
            [
              144.9308081690001,
              -37.80041714008598
            ],
            [
              144.93079832900003,
              -37.800415362085964
            ],
            [
              144.93078738100007,
              -37.80041364308596
            ],
            [
              144.93077740500007,
              -37.800411656086
            ],
            [
              144.93076641300001,
              -37.800408653085974
            ],
            [
              144.93075634700006,
              -37.80040666508597
            ],
            [
              144.93074536300003,
              -37.80040356008595
            ],
            [
              144.93073538700003,
              -37.80040157208596
            ],
            [
              144.9307243940001,
              -37.80039957808595
            ],
            [
              144.93071431900012,
              -37.800397564085976
            ],
            [
              144.93070327600003,
              -37.80039544208597
            ],
            [
              144.93069319300002,
              -37.80039225708594
            ],
            [
              144.93068216000006,
              -37.800389127085964
            ],
            [
              144.9306721480001,
              -37.80038703208594
            ],
            [
              144.9306611170001,
              -37.800384926086004
            ],
            [
              144.93065002900005,
              -37.80038189408595
            ],
            [
              144.9306400470001,
              -37.800379886085985
            ],
            [
              144.93062904700002,
              -37.800377868085945
            ],
            [
              144.9306190630001,
              -37.800375769085974
            ],
            [
              144.93060797500004,
              -37.800372737085986
            ],
            [
              144.9305980030001,
              -37.800370739085956
            ],
            [
              144.93058699300002,
              -37.80036871108598
            ],
            [
              144.92548000600004,
              -37.79959647808596
            ],
            [
              144.923587289,
              -37.799332946086004
            ],
            [
              144.92316381000012,
              -37.799223902086
            ],
            [
              144.9228258700001,
              -37.79911835508599
            ],
            [
              144.91977000100007,
              -37.79865788508597
            ],
            [
              144.91818230600006,
              -37.798440905085975
            ],
            [
              144.91800439600001,
              -37.79842403708599
            ],
            [
              144.91771802100004,
              -37.798420453085974
            ],
            [
              144.91753988100004,
              -37.79841782508597
            ],
            [
              144.91647757662386,
              -37.79825652725422
            ],
            [
              144.91650424300008,
              -37.798070932086006
            ],
            [
              144.91649354800006,
              -37.79797605408597
            ],
            [
              144.91646636500002,
              -37.79789016108597
            ],
            [
              144.91639937900004,
              -37.79773943408601
            ],
            [
              144.91630281900007,
              -37.79747870108602
            ],
            [
              144.91613709600006,
              -37.79724027808598
            ],
            [
              144.9159178640001,
              -37.796987734085995
            ],
            [
              144.91589304600006,
              -37.79696295108599
            ],
            [
              144.91571614200006,
              -37.79678644408599
            ],
            [
              144.91548638000006,
              -37.796625020086
            ],
            [
              144.91542878200005,
              -37.79658291108601
            ],
            [
              144.915005607,
              -37.79628701208604
            ],
            [
              144.91437908900002,
              -37.795910951085986
            ],
            [
              144.91367700000012,
              -37.79551549908603
            ],
            [
              144.91294790200004,
              -37.79515566208601
            ],
            [
              144.9138743740001,
              -37.79476913608602
            ],
            [
              144.92066103700006,
              -37.790548781086066
            ],
            [
              144.9228199800001,
              -37.789190907086066
            ],
            [
              144.92290872600006,
              -37.78913488208608
            ],
            [
              144.92281031400012,
              -37.78904149208607
            ],
            [
              144.9217213490001,
              -37.787888075086066
            ],
            [
              144.92130855300002,
              -37.78745881508609
            ],
            [
              144.92148287600003,
              -37.78745016408606
            ],
            [
              144.92149485100003,
              -37.78744956708606
            ],
            [
              144.92246288800004,
              -37.78740198808606
            ],
            [
              144.92947144800007,
              -37.78815736008606
            ],
            [
              144.92957902800003,
              -37.78860988108606
            ],
            [
              144.92969682500006,
              -37.788618916086065
            ],
            [
              144.93001125500007,
              -37.788653422086085
            ],
            [
              144.9300161100001,
              -37.78865396708606
            ],
            [
              144.93005011200012,
              -37.788657818086094
            ],
            [
              144.93005356600008,
              -37.78865821208607
            ],
            [
              144.93036366900003,
              -37.78869414008607
            ],
            [
              144.9304473200001,
              -37.78870383708607
            ],
            [
              144.9304477600001,
              -37.7887043070861
            ],
            [
              144.93051257700006,
              -37.78871175308607
            ],
            [
              144.93096621400002,
              -37.788759886086076
            ],
            [
              144.9309668300001,
              -37.78875992508606
            ],
            [
              144.93119030800005,
              -37.78875957108606
            ],
            [
              144.93119408000007,
              -37.78875995208606
            ],
            [
              144.93151009400003,
              -37.78879385408604
            ],
            [
              144.931553516,
              -37.78879851008609
            ],
            [
              144.9316368970001,
              -37.788807445086086
            ],
            [
              144.93171437800004,
              -37.78881575408609
            ],
            [
              144.9317910420001,
              -37.78882396708609
            ],
            [
              144.93187166000007,
              -37.78883261008609
            ],
            [
              144.93199224800003,
              -37.78884965208606
            ],
            [
              144.93208859900005,
              -37.78834723808609
            ],
            [
              144.9321713070001,
              -37.78833546308606
            ],
            [
              144.93223588600006,
              -37.788342426086096
            ],
            [
              144.9330038700001,
              -37.78842465008607
            ],
            [
              144.93316929000002,
              -37.78844233108604
            ],
            [
              144.93380411400005,
              -37.78851031108608
            ],
            [
              144.93435279800008,
              -37.78856905908605
            ],
            [
              144.9346182160001,
              -37.78859713508608
            ],
            [
              144.936052366,
              -37.78875056808606
            ],
            [
              144.93666346484073,
              -37.788815420370156
            ],
            [
              144.93782626300003,
              -37.788939787086036
            ]
          ]
        ]
      }
    },
    {
      "type": "Feature",
      "properties": {
        "precinct_id": "north_and_west_melbourne",
        "suburb": "North and West Melbourne",
        "boundary_source": "Vicmap Admin locality clipped to Melbourne LGA",
        "suburb_area_km2": 9.1324,
        "precinct_area_ha": 913.2358,
        "canopy_area_km2": 0.5274,
        "canopy_coverage_pct": 5.77,
        "plant_species_count": 570,
        "animal_species_count": 46,
        "plant_density_per_ha": 0.624154,
        "animal_density_per_ha": 0.05037,
        "species_density_per_ha": 0.674525,
        "pollinator_flowering_plant_species_count": 51,
        "pollinator_insect_species_count": 14,
        "relevant_bird_species_count": 32,
        "tree_record_count": 11585,
        "garden_plant_row_count": 1317,
        "canopy_polygon_count": 17645,
        "pollinator_insect_occurrence_count": 27,
        "relevant_bird_occurrence_count": 3582,
        "address_count": 13875,
        "pollination_corridor_count": null,
        "pollination_corridor_status": "not_available_until_iteration_2_review",
        "canopy_score_0_100": 10.61,
        "plant_density_score_0_100": 1.89,
        "animal_density_score_0_100": 0.0,
        "biodiversity_score_0_100": 4.17,
        "biodiversity_score_version": "v1_provisional_canopy_plant_animal"
      },
      "geometry": {
        "type": "MultiPolygon",
        "coordinates": [
          [
            [
              [
                144.91771802100004,
                -37.798420453085974
              ],
              [
                144.91800439600001,
                -37.79842403708599
              ],
              [
                144.91818230600006,
                -37.798440905085975
              ],
              [
                144.91977000100007,
                -37.79865788508597
              ],
              [
                144.9228258700001,
                -37.79911835508599
              ],
              [
                144.92316381000012,
                -37.799223902086
              ],
              [
                144.923587289,
                -37.799332946086004
              ],
              [
                144.92548000600004,
                -37.79959647808596
              ],
              [
                144.93058699300002,
                -37.80036871108598
              ],
              [
                144.9305980030001,
                -37.800370739085956
              ],
              [
                144.93060797500004,
                -37.800372737085986
              ],
              [
                144.9306190630001,
                -37.800375769085974
              ],
              [
                144.93062904700002,
                -37.800377868085945
              ],
              [
                144.9306400470001,
                -37.800379886085985
              ],
              [
                144.93065002900005,
                -37.80038189408595
              ],
              [
                144.9306611170001,
                -37.800384926086004
              ],
              [
                144.9306721480001,
                -37.80038703208594
              ],
              [
                144.93068216000006,
                -37.800389127085964
              ],
              [
                144.93069319300002,
                -37.80039225708594
              ],
              [
                144.93070327600003,
                -37.80039544208597
              ],
              [
                144.93071431900012,
                -37.800397564085976
              ],
              [
                144.9307243940001,
                -37.80039957808595
              ],
              [
                144.93073538700003,
                -37.80040157208596
              ],
              [
                144.93074536300003,
                -37.80040356008595
              ],
              [
                144.93075634700006,
                -37.80040666508597
              ],
              [
                144.93076641300001,
                -37.800408653085974
              ],
              [
                144.93077740500007,
                -37.800411656086
              ],
              [
                144.93078738100007,
                -37.80041364308596
              ],
              [
                144.93079832900003,
                -37.800415362085964
              ],
              [
                144.9308081690001,
                -37.80041714008598
              ],
              [
                144.93081910000012,
                -37.80042004508595
              ],
              [
                144.9308291640001,
                -37.800423039085956
              ],
              [
                144.9308391300001,
                -37.800425018085946
              ],
              [
                144.93084919700004,
                -37.80042709808595
              ],
              [
                144.9308601890001,
                -37.80043011108598
              ],
              [
                144.9308701550001,
                -37.80043210008597
              ],
              [
                144.93088115800003,
                -37.800434097086
              ],
              [
                144.93089224100004,
                -37.80043610408598
              ],
              [
                144.93090220200008,
                -37.800439099085956
              ],
              [
                144.93091325300009,
                -37.80044219908597
              ],
              [
                144.93092320200003,
                -37.80044419408597
              ],
              [
                144.93093416700003,
                -37.80044620808599
              ],
              [
                144.93094419200008,
                -37.80044919908596
              ],
              [
                144.9309551660001,
                -37.800451213085985
              ],
              [
                144.93096509300005,
                -37.800454305085964
              ],
              [
                144.93097606700007,
                -37.80045630808598
              ],
              [
                144.930986092,
                -37.80045930908598
              ],
              [
                144.93099604100007,
                -37.80046130408596
              ],
              [
                144.9310060580001,
                -37.80046439608599
              ],
              [
                144.93102707100002,
                -37.80046839508601
              ],
              [
                144.93103803100007,
                -37.800471415085944
              ],
              [
                144.931048056,
                -37.800474415085944
              ],
              [
                144.931059021,
                -37.80047641908596
              ],
              [
                144.93106897200005,
                -37.80047850508595
              ],
              [
                144.9310799220001,
                -37.800481525085964
              ],
              [
                144.93108994700003,
                -37.80048451508599
              ],
              [
                144.93110092100005,
                -37.80048652908596
              ],
              [
                144.9311108610001,
                -37.80048852408594
              ],
              [
                144.93112088700002,
                -37.800491617085974
              ],
              [
                144.93113195900003,
                -37.800494620086
              ],
              [
                144.93114193600002,
                -37.80049660808595
              ],
              [
                144.9311529250001,
                -37.80049962008599
              ],
              [
                144.93116298300004,
                -37.80050170008599
              ],
              [
                144.93117398700008,
                -37.80050369608596
              ],
              [
                144.93118394900011,
                -37.800506690085975
              ],
              [
                144.93119400000012,
                -37.800509684085974
              ],
              [
                144.93120398300005,
                -37.800510748085976
              ],
              [
                144.93121504700002,
                -37.800514766086
              ],
              [
                144.931225024,
                -37.80051675408593
              ],
              [
                144.9312360130001,
                -37.80051975608598
              ],
              [
                144.93124605600008,
                -37.80052284208597
              ],
              [
                144.93125706000012,
                -37.80052484808595
              ],
              [
                144.93126709600006,
                -37.80052784108596
              ],
              [
                144.9312770240001,
                -37.800529827086
              ],
              [
                144.93128804900005,
                -37.800532826086005
              ],
              [
                144.93129795200002,
                -37.800535909085966
              ],
              [
                144.93130890400005,
                -37.800537912085986
              ],
              [
                144.931318905,
                -37.80054090408595
              ],
              [
                144.93132984700003,
                -37.80054289708596
              ],
              [
                144.93133985800011,
                -37.800545889085974
              ],
              [
                144.9313497610001,
                -37.80054897208595
              ],
              [
                144.93135976200006,
                -37.80055196308599
              ],
              [
                144.93137071400008,
                -37.80055395708598
              ],
              [
                144.9313807320001,
                -37.80055594208597
              ],
              [
                144.93139165800005,
                -37.80055904308597
              ],
              [
                144.93140165900002,
                -37.800562034086
              ],
              [
                144.931411571,
                -37.800565016085955
              ],
              [
                144.93142157300008,
                -37.80056809908598
              ],
              [
                144.9314325150001,
                -37.800570102086006
              ],
              [
                144.93144252700006,
                -37.80057309408596
              ],
              [
                144.93145356900004,
                -37.800575085086
              ],
              [
                144.9314635600001,
                -37.80057807508599
              ],
              [
                144.93147360700004,
                -37.80058015308594
              ],
              [
                144.93148454700008,
                -37.800584159085986
              ],
              [
                144.9314945760001,
                -37.80058614508596
              ],
              [
                144.93150553300006,
                -37.80058915508596
              ],
              [
                144.93151555600002,
                -37.80059223908597
              ],
              [
                144.93152550500008,
                -37.80059422508595
              ],
              [
                144.93153552600006,
                -37.800597207085964
              ],
              [
                144.93154648400002,
                -37.80060021708597
              ],
              [
                144.9315564960001,
                -37.80060330108598
              ],
              [
                144.9315674710001,
                -37.80060529508597
              ],
              [
                144.931576467,
                -37.80060828008595
              ],
              [
                144.93158742700007,
                -37.800611408085956
              ],
              [
                144.93159747000004,
                -37.80061345508597
              ],
              [
                144.93160842100008,
                -37.80061652808599
              ],
              [
                144.93161844600002,
                -37.80061957708595
              ],
              [
                144.9316283820001,
                -37.80062270608596
              ],
              [
                144.9316394320001,
                -37.800625780085966
              ],
              [
                144.9316493670001,
                -37.800628828085955
              ],
              [
                144.93166033700004,
                -37.80063088908599
              ],
              [
                144.9316703620001,
                -37.800634029085984
              ],
              [
                144.93168038700003,
                -37.80063707808596
              ],
              [
                144.93169034000005,
                -37.80063912408599
              ],
              [
                144.9317013010001,
                -37.80064218708599
              ],
              [
                144.93171132700002,
                -37.800645327085995
              ],
              [
                144.93172135100008,
                -37.80064837608597
              ],
              [
                144.93173127600005,
                -37.80065142408596
              ],
              [
                144.93174233700006,
                -37.80065449708598
              ],
              [
                144.93175228100006,
                -37.80065662508599
              ],
              [
                144.9317623060001,
                -37.80065967408598
              ],
              [
                144.93177233000006,
                -37.80066272208598
              ],
              [
                144.93178331000001,
                -37.800664794085954
              ],
              [
                144.9317932360001,
                -37.80066793308594
              ],
              [
                144.931803252,
                -37.80067198308597
              ],
              [
                144.93181430200002,
                -37.800675047085974
              ],
              [
                144.9318242280001,
                -37.80067818608597
              ],
              [
                144.93183528400004,
                -37.80068125008598
              ],
              [
                144.93184422600007,
                -37.80068324708599
              ],
              [
                144.9318552960001,
                -37.800686369085945
              ],
              [
                144.93186524700002,
                -37.80068938808597
              ],
              [
                144.93187631700005,
                -37.80069243008597
              ],
              [
                144.9318853310001,
                -37.800695518085945
              ],
              [
                144.9318963180001,
                -37.80069755908597
              ],
              [
                144.931906152,
                -37.800700896085964
              ],
              [
                144.93191601600006,
                -37.800704412085956
              ],
              [
                144.93193664800003,
                -37.80071260508594
              ],
              [
                144.9319465760001,
                -37.80071594608598
              ],
              [
                144.931956581,
                -37.80071794908599
              ],
              [
                144.93195760600008,
                -37.80071895708597
              ],
              [
                144.9319677730001,
                -37.800721011085955
              ],
              [
                144.9319778260001,
                -37.80072396408599
              ],
              [
                144.931982908,
                -37.80072494608596
              ],
              [
                144.93198797900004,
                -37.80072691708596
              ],
              [
                144.93199813400008,
                -37.80072996008595
              ],
              [
                144.93200923300003,
                -37.80073292108596
              ],
              [
                144.93201938700008,
                -37.800735874085944
              ],
              [
                144.9320295120001,
                -37.800738944085985
              ],
              [
                144.93203939500006,
                -37.800742059085955
              ],
              [
                144.93204835300003,
                -37.800744157085944
              ],
              [
                144.93205028800003,
                -37.80074422008595
              ],
              [
                144.93205933900003,
                -37.80074838408597
              ],
              [
                144.93207029600012,
                -37.80075134108597
              ],
              [
                144.93208034600002,
                -37.800754204086
              ],
              [
                144.93209030700007,
                -37.80075706908599
              ],
              [
                144.9321013860001,
                -37.80076002908596
              ],
              [
                144.93211133700004,
                -37.800762894085956
              ],
              [
                144.93212139600007,
                -37.80076574008598
              ],
              [
                144.93214240200007,
                -37.80077140608597
              ],
              [
                144.93215140400002,
                -37.80077416308597
              ],
              [
                144.93216236400008,
                -37.80077691008597
              ],
              [
                144.9321723920001,
                -37.80077975208599
              ],
              [
                144.93218241800002,
                -37.80078250208595
              ],
              [
                144.9321923560001,
                -37.800785336086
              ],
              [
                144.9322034050001,
                -37.800788081085955
              ],
              [
                144.93221240700007,
                -37.800790838085966
              ],
              [
                144.9322233680001,
                -37.80079358508595
              ],
              [
                144.93223339500003,
                -37.80079642708597
              ],
              [
                144.9322433210001,
                -37.80079917008595
              ],
              [
                144.93225438100012,
                -37.80080191508597
              ],
              [
                144.93226337500005,
                -37.800804763085985
              ],
              [
                144.9322743350001,
                -37.800807510085974
              ],
              [
                144.93228436100003,
                -37.800810261085985
              ],
              [
                144.93229437900004,
                -37.80081410608596
              ],
              [
                144.932304315,
                -37.80081684908595
              ],
              [
                144.93231536500002,
                -37.80081959408596
              ],
              [
                144.93232436900007,
                -37.800822442085966
              ],
              [
                144.93233519900002,
                -37.800825209085986
              ],
              [
                144.93234379800003,
                -37.800828031085985
              ],
              [
                144.93235432400002,
                -37.800831955085975
              ],
              [
                144.9323638300001,
                -37.80083477708599
              ],
              [
                144.93237342300006,
                -37.800837587085994
              ],
              [
                144.93238392000012,
                -37.80084049808597
              ],
              [
                144.93239351400007,
                -37.80084331808598
              ],
              [
                144.93240310700003,
                -37.80084613808595
              ],
              [
                144.93241263900006,
                -37.80085006408598
              ],
              [
                144.93242214500003,
                -37.80085288608598
              ],
              [
                144.9324317380001,
                -37.800855706086
              ],
              [
                144.93244223500005,
                -37.80085860708596
              ],
              [
                144.93245083500005,
                -37.80086142908594
              ],
              [
                144.93246142200007,
                -37.80086424708599
              ],
              [
                144.93246996000005,
                -37.80086817508594
              ],
              [
                144.93248046000008,
                -37.80087099508597
              ],
              [
                144.9324890570001,
                -37.800873909085965
              ],
              [
                144.93249964400002,
                -37.80087671708599
              ],
              [
                144.93251014300006,
                -37.80087953608597
              ],
              [
                144.93251868200002,
                -37.800883464085985
              ],
              [
                144.9325292530001,
                -37.800886361085986
              ],
              [
                144.93253780300006,
                -37.80088943008598
              ],
              [
                144.93254824200005,
                -37.80089255608595
              ],
              [
                144.93255679000004,
                -37.800895716085954
              ],
              [
                144.93256725900005,
                -37.80089984708599
              ],
              [
                144.93257580700003,
                -37.800903007085985
              ],
              [
                144.93258624600003,
                -37.800906123085944
              ],
              [
                144.9325957840001,
                -37.800909220086
              ],
              [
                144.93260526300003,
                -37.80091341408598
              ],
              [
                144.93261521500006,
                -37.80091649108596
              ],
              [
                144.93262531900007,
                -37.800919567086
              ],
              [
                144.93263642800002,
                -37.80092376508599
              ],
              [
                144.9326454940001,
                -37.80092681408598
              ],
              [
                144.9326565460001,
                -37.80092990608596
              ],
              [
                144.93266557700008,
                -37.800934049085974
              ],
              [
                144.93267673100002,
                -37.800937152085964
              ],
              [
                144.9326857860001,
                -37.80094029208595
              ],
              [
                144.9326968050001,
                -37.80094439808596
              ],
              [
                144.93270588000007,
                -37.80094744708593
              ],
              [
                144.93271694600003,
                -37.80094954708596
              ],
              [
                144.93272595200006,
                -37.80095480208597
              ],
              [
                144.93273688500005,
                -37.80095802108599
              ],
              [
                144.93274684900007,
                -37.800962303085946
              ],
              [
                144.93275684500009,
                -37.80096549308598
              ],
              [
                144.9327668400001,
                -37.80096877508595
              ],
              [
                144.93277674600006,
                -37.800971964086
              ],
              [
                144.93278680600008,
                -37.80097509608595
              ],
              [
                144.9327968870001,
                -37.80097927208595
              ],
              [
                144.93280699500008,
                -37.80098236108597
              ],
              [
                144.9328170120001,
                -37.800985449086006
              ],
              [
                144.93282709300001,
                -37.80098962508595
              ],
              [
                144.9328372010001,
                -37.80099270408596
              ],
              [
                144.93284728300011,
                -37.80099687908597
              ],
              [
                144.9328576480001,
                -37.80099966108599
              ],
              [
                144.93286755400004,
                -37.80100369408597
              ],
              [
                144.9328782560001,
                -37.80100696108598
              ],
              [
                144.93288699700008,
                -37.80101106108596
              ],
              [
                144.9328981640001,
                -37.80101406408596
              ],
              [
                144.93290745000002,
                -37.801017986085974
              ],
              [
                144.93291880900006,
                -37.80102085208596
              ],
              [
                144.93292812700008,
                -37.80102378808594
              ],
              [
                144.93293957900005,
                -37.80102664308594
              ],
              [
                144.93294993200004,
                -37.80103048508595
              ],
              [
                144.93336678600008,
                -37.80117414708599
              ],
              [
                144.93382553800006,
                -37.80134166308596
              ],
              [
                144.93398766600012,
                -37.80140578708596
              ],
              [
                144.9346610240001,
                -37.80168501708595
              ],
              [
                144.93603504700002,
                -37.80236196308594
              ],
              [
                144.93604207700002,
                -37.80235497308596
              ],
              [
                144.93606901700002,
                -37.80232598308592
              ],
              [
                144.93609700700006,
                -37.80229601308598
              ],
              [
                144.93612006700005,
                -37.80226497308597
              ],
              [
                144.9361410670001,
                -37.80223399308595
              ],
              [
                144.93615687700003,
                -37.802218687085976
              ],
              [
                144.9361706730001,
                -37.80220420408595
              ],
              [
                144.93619480000007,
                -37.80217779208594
              ],
              [
                144.9362051910001,
                -37.802166813085975
              ],
              [
                144.9362145030001,
                -37.80215757608595
              ],
              [
                144.93624391600008,
                -37.80211373208595
              ],
              [
                144.93626315500012,
                -37.80208686408599
              ],
              [
                144.93628056800003,
                -37.80205864508598
              ],
              [
                144.9363045130001,
                -37.80201642108596
              ],
              [
                144.936326516,
                -37.80197443808594
              ],
              [
                144.93633595100005,
                -37.80195254508594
              ],
              [
                144.936342501,
                -37.801930737085954
              ],
              [
                144.93635507500005,
                -37.80188698008595
              ],
              [
                144.93636999700004,
                -37.80183201308596
              ],
              [
                144.93638304700005,
                -37.80177701408598
              ],
              [
                144.93639207700005,
                -37.801722033085966
              ],
              [
                144.93640102000006,
                -37.801666937085976
              ],
              [
                144.93640813100012,
                -37.80161790608597
              ],
              [
                144.9364121310001,
                -37.80156990808598
              ],
              [
                144.936412162,
                -37.80151985808594
              ],
              [
                144.93640717100004,
                -37.80147179108599
              ],
              [
                144.93638815500003,
                -37.801378864085954
              ],
              [
                144.93635807600003,
                -37.801287915085986
              ],
              [
                144.9363100390001,
                -37.80116486608596
              ],
              [
                144.93626002200006,
                -37.801041842085965
              ],
              [
                144.93617927200012,
                -37.80085450408597
              ],
              [
                144.93610077000005,
                -37.80066649508597
              ],
              [
                144.93606520700007,
                -37.800569914086
              ],
              [
                144.93603731300004,
                -37.80047109208595
              ],
              [
                144.93599806400005,
                -37.800268617085976
              ],
              [
                144.9359915020001,
                -37.800211284085954
              ],
              [
                144.93598955100003,
                -37.800153329085965
              ],
              [
                144.9359925450001,
                -37.800094105085975
              ],
              [
                144.93600292400004,
                -37.79991998008598
              ],
              [
                144.93602397100005,
                -37.799810753085985
              ],
              [
                144.93604696700004,
                -37.799702296085975
              ],
              [
                144.9360762540001,
                -37.79956718408596
              ],
              [
                144.93610740000008,
                -37.799433834085974
              ],
              [
                144.93611542500003,
                -37.799411757085984
              ],
              [
                144.93612242100005,
                -37.799389748085964
              ],
              [
                144.93613344300002,
                -37.79934458708596
              ],
              [
                144.936150461,
                -37.79927351908594
              ],
              [
                144.9361695440001,
                -37.79920247108596
              ],
              [
                144.93618158900006,
                -37.799151451085955
              ],
              [
                144.93619160600008,
                -37.79909930308601
              ],
              [
                144.93619672300008,
                -37.799058255085995
              ],
              [
                144.9362007300001,
                -37.79901628808598
              ],
              [
                144.93620573200008,
                -37.79897923608599
              ],
              [
                144.9362107920001,
                -37.79894317708597
              ],
              [
                144.93621174600003,
                -37.79892616108595
              ],
              [
                144.93621279,
                -37.79890923408596
              ],
              [
                144.936212844,
                -37.798881206085994
              ],
              [
                144.9362118670001,
                -37.79885316008598
              ],
              [
                144.936210855,
                -37.79882015508601
              ],
              [
                144.93620891000012,
                -37.79878719408596
              ],
              [
                144.9362069340001,
                -37.79875416708599
              ],
              [
                144.9362059220001,
                -37.79872124008598
              ],
              [
                144.93620197400003,
                -37.79869222208597
              ],
              [
                144.93619502400009,
                -37.79866323608599
              ],
              [
                144.936186001,
                -37.79861213208597
              ],
              [
                144.93617508700004,
                -37.79856115708602
              ],
              [
                144.93616717500004,
                -37.798519762085974
              ],
              [
                144.93615713100007,
                -37.79847320808598
              ],
              [
                144.936148053,
                -37.798428481086
              ],
              [
                144.93613698000001,
                -37.79838463308597
              ],
              [
                144.93611993000002,
                -37.79833596008599
              ],
              [
                144.93610188800005,
                -37.79828619808599
              ],
              [
                144.93608894800002,
                -37.798228541085976
              ],
              [
                144.93607641200003,
                -37.798171127086015
              ],
              [
                144.9360617960001,
                -37.79812063308597
              ],
              [
                144.9360447240001,
                -37.79807089808601
              ],
              [
                144.9360227080001,
                -37.79797124908597
              ],
              [
                144.93600869800002,
                -37.79792402108599
              ],
              [
                144.9359947580001,
                -37.797877790086005
              ],
              [
                144.93598195200002,
                -37.79782781008597
              ],
              [
                144.93596915000012,
                -37.79778003008598
              ],
              [
                144.93595055800006,
                -37.797702547086004
              ],
              [
                144.9359266450001,
                -37.79761398908598
              ],
              [
                144.93590257300002,
                -37.79751489608603
              ],
              [
                144.93589250800005,
                -37.797474545085976
              ],
              [
                144.9358813010001,
                -37.79743374008601
              ],
              [
                144.93587083400007,
                -37.79739444108603
              ],
              [
                144.93585848100008,
                -37.797356506086
              ],
              [
                144.93584744500004,
                -37.79731749108597
              ],
              [
                144.93583738200005,
                -37.79727651308602
              ],
              [
                144.93583026300007,
                -37.79723451608597
              ],
              [
                144.93582129000004,
                -37.797192571086015
              ],
              [
                144.93581822900012,
                -37.797170545086
              ],
              [
                144.93581625600007,
                -37.797149622085975
              ],
              [
                144.93579436900006,
                -37.79707858708602
              ],
              [
                144.93577635400004,
                -37.79700556708601
              ],
              [
                144.93576118400006,
                -37.796947557085986
              ],
              [
                144.93574912200006,
                -37.79688858308598
              ],
              [
                144.93573503200003,
                -37.79682450408601
              ],
              [
                144.9357231340001,
                -37.79675955008603
              ],
              [
                144.9357121270001,
                -37.79668968608602
              ],
              [
                144.93570199900012,
                -37.79661764708598
              ],
              [
                144.93569484700004,
                -37.79655679408601
              ],
              [
                144.93568882500006,
                -37.79649446708598
              ],
              [
                144.93568102400002,
                -37.79642647908603
              ],
              [
                144.93567395900004,
                -37.796357445085995
              ],
              [
                144.93566902600003,
                -37.796334456086
              ],
              [
                144.93566505700005,
                -37.796309434086
              ],
              [
                144.9356630310001,
                -37.79628546808599
              ],
              [
                144.93566062800005,
                -37.796211689086
              ],
              [
                144.93565963100002,
                -37.796166651086004
              ],
              [
                144.9356587300001,
                -37.79612266708601
              ],
              [
                144.9356580330001,
                -37.796072599085996
              ],
              [
                144.93565601900002,
                -37.79602156708601
              ],
              [
                144.93565462000004,
                -37.795969383085975
              ],
              [
                144.93565231600007,
                -37.795918201085996
              ],
              [
                144.9356493780001,
                -37.79589420208599
              ],
              [
                144.93564534300003,
                -37.795869277086
              ],
              [
                144.9356394880001,
                -37.79582029108603
              ],
              [
                144.93563953400007,
                -37.795772096086
              ],
              [
                144.9356404030001,
                -37.79572162308601
              ],
              [
                144.9356445520001,
                -37.79566630608604
              ],
              [
                144.93564575400012,
                -37.795610020086016
              ],
              [
                144.93564482800002,
                -37.79556703508601
              ],
              [
                144.93564292000008,
                -37.79552506408599
              ],
              [
                144.93564268700004,
                -37.79546086108602
              ],
              [
                144.93564460900006,
                -37.79539672608602
              ],
              [
                144.93565062100004,
                -37.79534808608604
              ],
              [
                144.93565618900004,
                -37.79529990908605
              ],
              [
                144.93565693100004,
                -37.795202876086016
              ],
              [
                144.935658073,
                -37.795158845086
              ],
              [
                144.93565832900003,
                -37.795155141086
              ],
              [
                144.93566080800008,
                -37.795115398086
              ],
              [
                144.93565450800008,
                -37.79506504708603
              ],
              [
                144.9356697710001,
                -37.794976289086016
              ],
              [
                144.93625099700012,
                -37.79175703308603
              ],
              [
                144.93625102700003,
                -37.79175604308604
              ],
              [
                144.93625305700004,
                -37.79174697308606
              ],
              [
                144.93625405700004,
                -37.791737983086044
              ],
              [
                144.93625502700002,
                -37.79172998308606
              ],
              [
                144.93625605700004,
                -37.79172000308604
              ],
              [
                144.93625805700003,
                -37.79171201308607
              ],
              [
                144.93626008700005,
                -37.79170304308606
              ],
              [
                144.93626105700002,
                -37.79169504308602
              ],
              [
                144.93626308700004,
                -37.79168597308605
              ],
              [
                144.9362650270001,
                -37.79167700308604
              ],
              [
                144.936267057,
                -37.79166802308602
              ],
              [
                144.9362680270001,
                -37.79166002308604
              ],
              [
                144.93627005700012,
                -37.79165096308606
              ],
              [
                144.93627208700002,
                -37.79164198308605
              ],
              [
                144.93627402700008,
                -37.79163301308604
              ],
              [
                144.9362760470001,
                -37.79162403308602
              ],
              [
                144.9362780570001,
                -37.791615963086045
              ],
              [
                144.9362790570001,
                -37.791606973086026
              ],
              [
                144.9362800570001,
                -37.79159797308605
              ],
              [
                144.93628205700008,
                -37.79158999308603
              ],
              [
                144.9362840870001,
                -37.791581013086066
              ],
              [
                144.93628601700004,
                -37.791572043086056
              ],
              [
                144.93628804700006,
                -37.791562973086016
              ],
              [
                144.93629005700006,
                -37.79155499408604
              ],
              [
                144.93629207700008,
                -37.79154602408604
              ],
              [
                144.93629408700008,
                -37.79153803408606
              ],
              [
                144.93629604700004,
                -37.79152798408604
              ],
              [
                144.93629804700004,
                -37.791519994086016
              ],
              [
                144.93630007700006,
                -37.79151102408606
              ],
              [
                144.9363030170001,
                -37.79150296408604
              ],
              [
                144.9363040170001,
                -37.79149397308601
              ],
              [
                144.93630604700002,
                -37.79148499308606
              ],
              [
                144.936308047,
                -37.79147701308604
              ],
              [
                144.93631007700003,
                -37.791468043086034
              ],
              [
                144.9363120170001,
                -37.79145897308605
              ],
              [
                144.936315067,
                -37.791450013086056
              ],
              [
                144.936317077,
                -37.79144203308603
              ],
              [
                144.93631900700007,
                -37.79143296308605
              ],
              [
                144.93632103700008,
                -37.79142399308604
              ],
              [
                144.9363240670001,
                -37.791416023086036
              ],
              [
                144.93632600700005,
                -37.791406963086075
              ],
              [
                144.9363270770001,
                -37.79139896308603
              ],
              [
                144.93633003700006,
                -37.79139000308602
              ],
              [
                144.93633206700008,
                -37.79138102308607
              ],
              [
                144.93633406700008,
                -37.791373044086036
              ],
              [
                144.93633703700004,
                -37.791363994086076
              ],
              [
                144.93633906700006,
                -37.79135502408606
              ],
              [
                144.93634203700003,
                -37.79134597408604
              ],
              [
                144.93634405700004,
                -37.79133700408604
              ],
              [
                144.93634603700002,
                -37.791330004086056
              ],
              [
                144.93634902700012,
                -37.791319964086036
              ],
              [
                144.93635102700011,
                -37.79131198408602
              ],
              [
                144.93635305700002,
                -37.79130301408608
              ],
              [
                144.93635608700004,
                -37.791295044086056
              ],
              [
                144.9363580270001,
                -37.79128597408602
              ],
              [
                144.93636108700002,
                -37.791277024086035
              ],
              [
                144.93636308700002,
                -37.791269034086056
              ],
              [
                144.93636602300012,
                -37.79126098808605
              ],
              [
                144.93636900400008,
                -37.79125104508604
              ],
              [
                144.93637100700005,
                -37.79124297008607
              ],
              [
                144.93637402900004,
                -37.79123501708605
              ],
              [
                144.936376052,
                -37.79122604308608
              ],
              [
                144.93637797600002,
                -37.79121707908605
              ],
              [
                144.93638100700002,
                -37.79120902608607
              ],
              [
                144.93638395900007,
                -37.791200073086046
              ],
              [
                144.93638598200005,
                -37.79119101808603
              ],
              [
                144.93638900300004,
                -37.79118305508606
              ],
              [
                144.9363919650001,
                -37.791174112086054
              ],
              [
                144.93639499800008,
                -37.791166050086034
              ],
              [
                144.93639797000003,
                -37.79115708008603
              ],
              [
                144.93639898200001,
                -37.791148080086046
              ],
              [
                144.93640203400003,
                -37.79114001108606
              ],
              [
                144.9364050060001,
                -37.79113105108607
              ],
              [
                144.9364080570001,
                -37.79112298208607
              ],
              [
                144.93641102900006,
                -37.79111401208606
              ],
              [
                144.93641406900008,
                -37.791106044086035
              ],
              [
                144.93641703900005,
                -37.79109699408606
              ],
              [
                144.936419999,
                -37.79108803408607
              ],
              [
                144.936422009,
                -37.79107996408603
              ],
              [
                144.93642503900003,
                -37.79107199408607
              ],
              [
                144.9364279990001,
                -37.79106303408608
              ],
              [
                144.93643105900003,
                -37.79105399408606
              ],
              [
                144.93643408900004,
                -37.79104602408605
              ],
              [
                144.936437059,
                -37.79103697308604
              ],
              [
                144.93644008900003,
                -37.791029013086046
              ],
              [
                144.9364430590001,
                -37.791019963086015
              ],
              [
                144.9364450590001,
                -37.79101198308606
              ],
              [
                144.9364490490001,
                -37.791003043086064
              ],
              [
                144.936452088,
                -37.79099498408603
              ],
              [
                144.9364550460001,
                -37.790986025086085
              ],
              [
                144.9364580140001,
                -37.79097697708603
              ],
              [
                144.93646104100003,
                -37.79096901808603
              ],
              [
                144.93646500700004,
                -37.790960981086045
              ],
              [
                144.9364680650001,
                -37.79095202308607
              ],
              [
                144.93646999500004,
                -37.79094305308606
              ],
              [
                144.9364740300001,
                -37.79093600608606
              ],
              [
                144.9364769870001,
                -37.79092704808604
              ],
              [
                144.93648004500005,
                -37.79091800908607
              ],
              [
                144.93648298300002,
                -37.79091004108604
              ],
              [
                144.93648697900005,
                -37.79090101408607
              ],
              [
                144.9364900060001,
                -37.790893045086044
              ],
              [
                144.93649303300003,
                -37.79088499708607
              ],
              [
                144.93649600100002,
                -37.790876039086044
              ],
              [
                144.93649895900012,
                -37.79086699008606
              ],
              [
                144.93650301500008,
                -37.790859043086044
              ],
              [
                144.93650595200006,
                -37.79085099508606
              ],
              [
                144.93651003800005,
                -37.790842058086035
              ],
              [
                144.93651297500003,
                -37.790833999086054
              ],
              [
                144.93651600300007,
                -37.790826031086084
              ],
              [
                144.93651897100005,
                -37.79081708308606
              ],
              [
                144.93652302600003,
                -37.79080904608608
              ],
              [
                144.93652702200006,
                -37.79080001908605
              ],
              [
                144.93652998000005,
                -37.790791060086036
              ],
              [
                144.93653394500006,
                -37.79078302308605
              ],
              [
                144.93653696800004,
                -37.79077506508609
              ],
              [
                144.9365399290001,
                -37.79076603908603
              ],
              [
                144.93654397800003,
                -37.790758105086034
              ],
              [
                144.93654691000006,
                -37.790750148086055
              ],
              [
                144.93655089000003,
                -37.790741135086044
              ],
              [
                144.93655494900008,
                -37.790733111086034
              ],
              [
                144.93655889800004,
                -37.79072517708605
              ],
              [
                144.936560922,
                -37.79071612808606
              ],
              [
                144.9365648810001,
                -37.79070819408607
              ],
              [
                144.9365688480001,
                -37.79070015608603
              ],
              [
                144.93657284100004,
                -37.790691206086045
              ],
              [
                144.93657691400006,
                -37.79068315508604
              ],
              [
                144.93657984800006,
                -37.790675187086066
              ],
              [
                144.93658291200006,
                -37.790666132086045
              ],
              [
                144.9365868640001,
                -37.790658189086024
              ],
              [
                144.93659091900008,
                -37.790650164086024
              ],
              [
                144.93659491300002,
                -37.79064115008602
              ],
              [
                144.9365988830001,
                -37.79063319708606
              ],
              [
                144.9366028720001,
                -37.790624162086054
              ],
              [
                144.9366059130001,
                -37.790616198086035
              ],
              [
                144.93660987200008,
                -37.79060815508606
              ],
              [
                144.93661387200007,
                -37.790599211086054
              ],
              [
                144.93661784100004,
                -37.79059116708603
              ],
              [
                144.9366219000001,
                -37.79058312308606
              ],
              [
                144.93662590000008,
                -37.790574179086065
              ],
              [
                144.93662883000002,
                -37.79056611508607
              ],
              [
                144.93663289900007,
                -37.790558172086065
              ],
              [
                144.93663688900006,
                -37.79054913708605
              ],
              [
                144.936640828,
                -37.79054217508607
              ],
              [
                144.9366448280001,
                -37.79053314008606
              ],
              [
                144.93664982500002,
                -37.79052511708604
              ],
              [
                144.93665285600002,
                -37.79051714308608
              ],
              [
                144.93665684600012,
                -37.79050810908605
              ],
              [
                144.93666090500005,
                -37.79050015608604
              ],
              [
                144.93666487400003,
                -37.79049211208606
              ],
              [
                144.93666987200004,
                -37.79048408908605
              ],
              [
                144.93667384100002,
                -37.790476135086024
              ],
              [
                144.93667690100006,
                -37.79046709208606
              ],
              [
                144.9366808640001,
                -37.79045915608603
              ],
              [
                144.93668584500006,
                -37.79045115208603
              ],
              [
                144.93668983800012,
                -37.790442137086046
              ],
              [
                144.9366938600001,
                -37.79043519108606
              ],
              [
                144.93669785300006,
                -37.79042617608607
              ],
              [
                144.93670182100004,
                -37.790418218086046
              ],
              [
                144.93670682000004,
                -37.79041018008606
              ],
              [
                144.936710811,
                -37.790401132086025
              ],
              [
                144.93671485100003,
                -37.79039415608609
              ],
              [
                144.9367197800001,
                -37.79038512608608
              ],
              [
                144.9367228110001,
                -37.79037705208602
              ],
              [
                144.9367278100001,
                -37.790369109086065
              ],
              [
                144.9367317770001,
                -37.79036106908605
              ],
              [
                144.93673679300002,
                -37.79035205808603
              ],
              [
                144.93674085100008,
                -37.79034410808603
              ],
              [
                144.93674481800008,
                -37.79033606708603
              ],
              [
                144.93674878600007,
                -37.79032811708602
              ],
              [
                144.9367537820001,
                -37.79032009608605
              ],
              [
                144.936758778,
                -37.790312075086064
              ],
              [
                144.93676283500008,
                -37.790304034086056
              ],
              [
                144.93676680300007,
                -37.79029608408607
              ],
              [
                144.9367718190001,
                -37.79028707308602
              ],
              [
                144.93677575700008,
                -37.79028011708604
              ],
              [
                144.93678075600008,
                -37.790272110086086
              ],
              [
                144.9367857850001,
                -37.790263116086045
              ],
              [
                144.9367898150001,
                -37.79025607808605
              ],
              [
                144.9367938150001,
                -37.790247155086064
              ],
              [
                144.9367988040001,
                -37.790239148086044
              ],
              [
                144.9368038030001,
                -37.79023114108608
              ],
              [
                144.93680777300006,
                -37.79022320508605
              ],
              [
                144.93681277200005,
                -37.790215197086034
              ],
              [
                144.93681674000004,
                -37.79020715708604
              ],
              [
                144.93682172800004,
                -37.790199227086056
              ],
              [
                144.93682682500003,
                -37.790191207086046
              ],
              [
                144.93683181200004,
                -37.79018318708605
              ],
              [
                144.93683478200012,
                -37.790174227086055
              ],
              [
                144.93683974900011,
                -37.790167197086056
              ],
              [
                144.93684477700003,
                -37.790158187086064
              ],
              [
                144.93684974400003,
                -37.79015115708606
              ],
              [
                144.93685473200003,
                -37.79014321708607
              ],
              [
                144.93685880100008,
                -37.790135187086065
              ],
              [
                144.93686379000007,
                -37.79012715708606
              ],
              [
                144.93686878900007,
                -37.79011922608604
              ],
              [
                144.93687371800002,
                -37.79011021608605
              ],
              [
                144.93687878700007,
                -37.79010318608604
              ],
              [
                144.93688275700003,
                -37.79009514508604
              ],
              [
                144.9368877490001,
                -37.79008720708603
              ],
              [
                144.93689275000008,
                -37.79007917908606
              ],
              [
                144.93689878100008,
                -37.79007117008606
              ],
              [
                144.93690378200006,
                -37.79006313108604
              ],
              [
                144.9369077550001,
                -37.79005517408606
              ],
              [
                144.93691274600008,
                -37.79004714608604
              ],
              [
                144.93691774800004,
                -37.79003911708609
              ],
              [
                144.93692274900002,
                -37.79003108908606
              ],
              [
                144.93692681200002,
                -37.79002313208608
              ],
              [
                144.936932812,
                -37.79001611308606
              ],
              [
                144.93693774300004,
                -37.790007097086026
              ],
              [
                144.9369428120001,
                -37.79000006708608
              ],
              [
                144.9369478110001,
                -37.78999213608606
              ],
              [
                144.93695280000009,
                -37.78998410508607
              ],
              [
                144.93695779900008,
                -37.78997608508607
              ],
              [
                144.93696279900007,
                -37.78996806408608
              ],
              [
                144.93696873800002,
                -37.78996006808606
              ],
              [
                144.93697276900002,
                -37.78995311708607
              ],
              [
                144.93697779100012,
                -37.78994411908609
              ],
              [
                144.93698380000012,
                -37.78993712008608
              ],
              [
                144.9369887910001,
                -37.789929101086074
              ],
              [
                144.93699379200007,
                -37.78992118208604
              ],
              [
                144.93699879300004,
                -37.78991317308604
              ],
              [
                144.93700479300003,
                -37.78990617308606
              ],
              [
                144.93700982500002,
                -37.78989717508606
              ],
              [
                144.93701582500012,
                -37.78989016508607
              ],
              [
                144.93701978600006,
                -37.78988222608608
              ],
              [
                144.93702578600005,
                -37.78987522608609
              ],
              [
                144.93703081700005,
                -37.789866227086044
              ],
              [
                144.9370368100001,
                -37.78985921708605
              ],
              [
                144.93704077400002,
                -37.78985126708606
              ],
              [
                144.9370467660001,
                -37.789844242086055
              ],
              [
                144.93705177900006,
                -37.78983522708606
              ],
              [
                144.93705777200012,
                -37.789828212086064
              ],
              [
                144.93706276500006,
                -37.789820187086065
              ],
              [
                144.937067758,
                -37.789812162086065
              ],
              [
                144.93707375100007,
                -37.78980522808607
              ],
              [
                144.93707967300008,
                -37.7897972230861
              ],
              [
                144.93708466600003,
                -37.78978919808608
              ],
              [
                144.93708966000008,
                -37.78978117308609
              ],
              [
                144.9370956580001,
                -37.78977415308603
              ],
              [
                144.93710168500002,
                -37.789766153086056
              ],
              [
                144.9371066550001,
                -37.78975921308606
              ],
              [
                144.93711166700007,
                -37.78975118808606
              ],
              [
                144.93711769900005,
                -37.789743182086085
              ],
              [
                144.93712374100005,
                -37.78973516708605
              ],
              [
                144.93712978300005,
                -37.78972716208605
              ],
              [
                144.9371337340001,
                -37.789720198086044
              ],
              [
                144.9371397760001,
                -37.78971219308604
              ],
              [
                144.9371457860001,
                -37.789705168086044
              ],
              [
                144.93715182800008,
                -37.78969716308607
              ],
              [
                144.93715683000005,
                -37.78968913808607
              ],
              [
                144.93716285000005,
                -37.789682123086074
              ],
              [
                144.93716879200008,
                -37.789674108086075
              ],
              [
                144.93717480200007,
                -37.78966709308609
              ],
              [
                144.93717981400005,
                -37.789659158086046
              ],
              [
                144.93718582500003,
                -37.789652134086076
              ],
              [
                144.93719185700002,
                -37.78964412808606
              ],
              [
                144.937197899,
                -37.78963612308608
              ],
              [
                144.9372028790001,
                -37.789629089086056
              ],
              [
                144.9372089210001,
                -37.78962107408608
              ],
              [
                144.93721493100009,
                -37.78961405908607
              ],
              [
                144.937220883,
                -37.789606054086086
              ],
              [
                144.9372258850001,
                -37.78959810908603
              ],
              [
                144.93723189600007,
                -37.78959109408605
              ],
              [
                144.93723793700008,
                -37.78958308908606
              ],
              [
                144.93724301800012,
                -37.789576054086034
              ],
              [
                144.93724995800005,
                -37.78956904908606
              ],
              [
                144.93725600000005,
                -37.78956104408607
              ],
              [
                144.93726201000004,
                -37.78955402908609
              ],
              [
                144.93726702200001,
                -37.78954600508607
              ],
              [
                144.937273064,
                -37.78953807908604
              ],
              [
                144.93727998600002,
                -37.78953100208609
              ],
              [
                144.9372859660001,
                -37.789524080086075
              ],
              [
                144.93729094200012,
                -37.78951607008608
              ],
              [
                144.9372969220001,
                -37.78950906708608
              ],
              [
                144.93730395900002,
                -37.78950108608608
              ],
              [
                144.9373099400001,
                -37.789494084086044
              ],
              [
                144.93731488900005,
                -37.789487062086074
              ],
              [
                144.93732182600002,
                -37.78947908108606
              ],
              [
                144.9373278070001,
                -37.78947207808606
              ],
              [
                144.937333813,
                -37.78946408708604
              ],
              [
                144.9373397930001,
                -37.78945707508608
              ],
              [
                144.93734577400005,
                -37.78945016308606
              ],
              [
                144.93735272100002,
                -37.789442092086034
              ],
              [
                144.93735776100004,
                -37.78943517008608
              ],
              [
                144.93736468200007,
                -37.78942817708609
              ],
              [
                144.93737069300005,
                -37.78942018108605
              ],
              [
                144.9373777620001,
                -37.78941218608608
              ],
              [
                144.937382715,
                -37.78940614508608
              ],
              [
                144.93738977200007,
                -37.78939816108605
              ],
              [
                144.9373957780001,
                -37.78939113908607
              ],
              [
                144.93740178300004,
                -37.78938412608605
              ],
              [
                144.93740772500007,
                -37.78937611608607
              ],
              [
                144.93741476500009,
                -37.78936912108608
              ],
              [
                144.93742077100012,
                -37.789362108086074
              ],
              [
                144.9374268030001,
                -37.78935409708604
              ],
              [
                144.93743374300004,
                -37.78934710208607
              ],
              [
                144.9374397480001,
                -37.78934008008608
              ],
              [
                144.937445754,
                -37.789333157086084
              ],
              [
                144.93745282100008,
                -37.78932508408609
              ],
              [
                144.93745883000008,
                -37.789318150086075
              ],
              [
                144.93746578100001,
                -37.789311155086054
              ],
              [
                144.93747181300012,
                -37.78930314008605
              ],
              [
                144.9374778230001,
                -37.789296125086054
              ],
              [
                144.9374848640001,
                -37.78928913008608
              ],
              [
                144.9374908750001,
                -37.78928210508608
              ],
              [
                144.93749785700004,
                -37.78927412008606
              ],
              [
                144.93750486700003,
                -37.789268105086066
              ],
              [
                144.93751090800004,
                -37.789260100086075
              ],
              [
                144.93751691800003,
                -37.789253085086074
              ],
              [
                144.93752386900007,
                -37.78924608008604
              ],
              [
                144.93753091000008,
                -37.789239085086066
              ],
              [
                144.93753692100006,
                -37.78923206108605
              ],
              [
                144.93754398300007,
                -37.78922407508609
              ],
              [
                144.93754997200006,
                -37.789218051086074
              ],
              [
                144.9375569130001,
                -37.78921104608609
              ],
              [
                144.9375629540001,
                -37.78920304108604
              ],
              [
                144.9375699950001,
                -37.789196036086054
              ],
              [
                144.9375770360001,
                -37.78918904108608
              ],
              [
                144.9375830470001,
                -37.78918201608608
              ],
              [
                144.93758999800002,
                -37.789175021086045
              ],
              [
                144.93759703900002,
                -37.78916801608606
              ],
              [
                144.93760408000003,
                -37.78916102108608
              ],
              [
                144.93761007800003,
                -37.78915401208608
              ],
              [
                144.93761697200011,
                -37.78914702808604
              ],
              [
                144.93762403300002,
                -37.78913903808607
              ],
              [
                144.93763002100002,
                -37.78913301308607
              ],
              [
                144.93763705100002,
                -37.78912601808609
              ],
              [
                144.93764503600005,
                -37.78911903108609
              ],
              [
                144.9376510410001,
                -37.789112019086055
              ],
              [
                144.9376580170001,
                -37.78910402508606
              ],
              [
                144.93766502100004,
                -37.78909801308605
              ],
              [
                144.93767102100003,
                -37.78909100308606
              ],
              [
                144.93767805100003,
                -37.78908401408607
              ],
              [
                144.93768584600002,
                -37.789077114086055
              ],
              [
                144.93769259300007,
                -37.78907025108604
              ],
              [
                144.9376986210001,
                -37.78906322608604
              ],
              [
                144.93770568500008,
                -37.789056218086074
              ],
              [
                144.937712658,
                -37.78904920008607
              ],
              [
                144.9377197220001,
                -37.789042192086065
              ],
              [
                144.9377267850001,
                -37.789035174086095
              ],
              [
                144.93773382000006,
                -37.789029156086066
              ],
              [
                144.9377407930001,
                -37.78902213808605
              ],
              [
                144.9377478560001,
                -37.789015040086085
              ],
              [
                144.9377549200001,
                -37.789008022086065
              ],
              [
                144.93776189300002,
                -37.78900100408604
              ],
              [
                144.93776895700012,
                -37.78899399608609
              ],
              [
                144.9377760210001,
                -37.78898697808607
              ],
              [
                144.93778399300004,
                -37.78898000008609
              ],
              [
                144.93778997700008,
                -37.788972989086034
              ],
              [
                144.93779798700007,
                -37.78896604708607
              ],
              [
                144.93780495300007,
                -37.78896006208604
              ],
              [
                144.9378109800001,
                -37.78895303408608
              ],
              [
                144.9378189350001,
                -37.78894702808609
              ],
              [
                144.93782626300003,
                -37.788939787086036
              ],
              [
                144.9378272990001,
                -37.788939803086045
              ],
              [
                144.9378275731069,
                -37.78893951131403
              ],
              [
                144.9382538970001,
                -37.788985886086074
              ],
              [
                144.93829207800002,
                -37.78894446608608
              ],
              [
                144.93832710800007,
                -37.78890224808604
              ],
              [
                144.9383677610001,
                -37.78886266408606
              ],
              [
                144.93840509200004,
                -37.78882133508607
              ],
              [
                144.93844497200007,
                -37.78878139308606
              ],
              [
                144.9384856380001,
                -37.78874186608605
              ],
              [
                144.9385269280001,
                -37.78870274708605
              ],
              [
                144.93856871800006,
                -37.788664492086056
              ],
              [
                144.9386114680001,
                -37.78862588708606
              ],
              [
                144.93865472700008,
                -37.788588125086086
              ],
              [
                144.93869853700005,
                -37.78855090308608
              ],
              [
                144.9387428560001,
                -37.788514231086076
              ],
              [
                144.9387880280001,
                -37.788477894086085
              ],
              [
                144.93883406700002,
                -37.788441865086085
              ],
              [
                144.93888027900005,
                -37.78840655008609
              ],
              [
                144.93892730900006,
                -37.78837167308608
              ],
              [
                144.93897493600002,
                -37.78833731908609
              ],
              [
                144.93902330800006,
                -37.78830339608605
              ],
              [
                144.9390721410001,
                -37.78827004808607
              ],
              [
                144.93912125000008,
                -37.78823729708608
              ],
              [
                144.93917111100006,
                -37.78820504008608
              ],
              [
                144.93922151000004,
                -37.78817331008609
              ],
              [
                144.93927245100008,
                -37.78814213508609
              ],
              [
                144.93932393700004,
                -37.78811150108606
              ],
              [
                144.93937608600004,
                -37.7880813640861
              ],
              [
                144.9394285830001,
                -37.788051849086045
              ],
              [
                144.93948156200008,
                -37.78802290208608
              ],
              [
                144.9395350410001,
                -37.787994523086056
              ],
              [
                144.93958898800008,
                -37.78796671308605
              ],
              [
                144.93964340800005,
                -37.787939483086056
              ],
              [
                144.93969828800005,
                -37.78791285008605
              ],
              [
                144.9397536340001,
                -37.787886806086064
              ],
              [
                144.93980940300003,
                -37.787861351086065
              ],
              [
                144.9398655860001,
                -37.787836496086065
              ],
              [
                144.9399221860001,
                -37.78781223808606
              ],
              [
                144.93997924400003,
                -37.7877886220861
              ],
              [
                144.9400366310001,
                -37.7877655690861
              ],
              [
                144.94009430300002,
                -37.7877431550861
              ],
              [
                144.9401525390001,
                -37.7877214230861
              ],
              [
                144.9402115160001,
                -37.78770036708607
              ],
              [
                144.9402705540001,
                -37.78767987108607
              ],
              [
                144.94032988300012,
                -37.787660020086086
              ],
              [
                144.94037955554552,
                -37.78764436909293
              ],
              [
                144.9408766040001,
                -37.788366581086095
              ],
              [
                144.94216326000003,
                -37.78941047808608
              ],
              [
                144.94328796000002,
                -37.79029693208607
              ],
              [
                144.94337122100012,
                -37.79036306608602
              ],
              [
                144.9547252200001,
                -37.799408277085945
              ],
              [
                144.9550810720001,
                -37.79944736108599
              ],
              [
                144.95503341100004,
                -37.79965344708598
              ],
              [
                144.95671523400006,
                -37.80099101708595
              ],
              [
                144.95672402900004,
                -37.80167864308594
              ],
              [
                144.95664442400005,
                -37.80216723608594
              ],
              [
                144.95747151800003,
                -37.80397059308596
              ],
              [
                144.9584601240001,
                -37.80615013008594
              ],
              [
                144.95599421300005,
                -37.805880834085954
              ],
              [
                144.9554593580001,
                -37.8090888130859
              ],
              [
                144.9553922350001,
                -37.80948684708588
              ],
              [
                144.95644525900002,
                -37.81175240908587
              ],
              [
                144.9514355450001,
                -37.81316790208588
              ],
              [
                144.9503272290001,
                -37.81347987508588
              ],
              [
                144.94811624300007,
                -37.811532952085905
              ],
              [
                144.94782303600005,
                -37.8109560740859
              ],
              [
                144.94644274000007,
                -37.811481594085905
              ],
              [
                144.946021308,
                -37.81164187508588
              ],
              [
                144.94598709100012,
                -37.81165496908588
              ],
              [
                144.94581149900011,
                -37.811722150085885
              ],
              [
                144.94567389500003,
                -37.81177477808588
              ],
              [
                144.94544600000006,
                -37.81186197308589
              ],
              [
                144.9452276820001,
                -37.811945487085865
              ],
              [
                144.94507461500007,
                -37.81200404608589
              ],
              [
                144.94494618900012,
                -37.812053173085886
              ],
              [
                144.9446699780001,
                -37.81215883308587
              ],
              [
                144.9431946200001,
                -37.8127232000859
              ],
              [
                144.94306738400007,
                -37.81277196508588
              ],
              [
                144.9430000640001,
                -37.81273522608588
              ],
              [
                144.94253958100012,
                -37.812495159085884
              ],
              [
                144.9422087060001,
                -37.81228587608588
              ],
              [
                144.94155028700004,
                -37.81188453808587
              ],
              [
                144.9409152490001,
                -37.811524771085914
              ],
              [
                144.94024455600004,
                -37.81116587508589
              ],
              [
                144.9397487660001,
                -37.8109326720859
              ],
              [
                144.93904062800004,
                -37.81064456008588
              ],
              [
                144.93866465000008,
                -37.8104915940859
              ],
              [
                144.93784635400004,
                -37.81018507408587
              ],
              [
                144.93741894100003,
                -37.8100380150859
              ],
              [
                144.93672568500006,
                -37.80984737708592
              ],
              [
                144.93627739300007,
                -37.80973958708589
              ],
              [
                144.93593383000007,
                -37.80968775808592
              ],
              [
                144.93578215900004,
                -37.80966487308591
              ],
              [
                144.93550321400005,
                -37.80962651108591
              ],
              [
                144.93544258000009,
                -37.809927864085914
              ],
              [
                144.93536965400006,
                -37.80991493508592
              ],
              [
                144.9352805200001,
                -37.80989964908591
              ],
              [
                144.93519125800003,
                -37.809884854085894
              ],
              [
                144.93488391300002,
                -37.809840828085875
              ],
              [
                144.93447231400012,
                -37.812321532085846
              ],
              [
                144.93442430800008,
                -37.81261131508588
              ],
              [
                144.93434451500002,
                -37.81407946008585
              ],
              [
                144.9342043050001,
                -37.814119200085884
              ],
              [
                144.93364887300004,
                -37.81454503208584
              ],
              [
                144.9336344720001,
                -37.81465810708585
              ],
              [
                144.93355639700007,
                -37.81505576808587
              ],
              [
                144.93345561500007,
                -37.815450005085836
              ],
              [
                144.93335080300005,
                -37.81580641008588
              ],
              [
                144.9332307940001,
                -37.81616891908583
              ],
              [
                144.93314781100003,
                -37.816397018085844
              ],
              [
                144.9330887850001,
                -37.81655933008584
              ],
              [
                144.93308055500006,
                -37.81658171708584
              ],
              [
                144.93312641700004,
                -37.81665751308586
              ],
              [
                144.93315187000007,
                -37.816699577085814
              ],
              [
                144.93304599600003,
                -37.81673989808586
              ],
              [
                144.932989861,
                -37.81689239508583
              ],
              [
                144.93286828200007,
                -37.81722267508586
              ],
              [
                144.93264389900003,
                -37.81783221708585
              ],
              [
                144.93262639500006,
                -37.817879765085856
              ],
              [
                144.93255524000006,
                -37.81786320008585
              ],
              [
                144.93248176300006,
                -37.81806418708581
              ],
              [
                144.93245806200002,
                -37.81806544308582
              ],
              [
                144.93202663700004,
                -37.8192487590858
              ],
              [
                144.93189587100005,
                -37.81921811408582
              ],
              [
                144.93177653300006,
                -37.81926954208583
              ],
              [
                144.93172948500012,
                -37.819398773085844
              ],
              [
                144.9227655090001,
                -37.81883953808582
              ],
              [
                144.9226782400001,
                -37.81884156108581
              ],
              [
                144.92166387100008,
                -37.818865983085814
              ],
              [
                144.92123386900005,
                -37.81888401208582
              ],
              [
                144.9208041920001,
                -37.818907016085824
              ],
              [
                144.92034702700005,
                -37.81894257808581
              ],
              [
                144.92005618000007,
                -37.81896637208583
              ],
              [
                144.91987391300006,
                -37.81898118808581
              ],
              [
                144.91943728800004,
                -37.819022326085836
              ],
              [
                144.91900024300003,
                -37.81906833008585
              ],
              [
                144.91854934000003,
                -37.81912139908584
              ],
              [
                144.91809934600008,
                -37.8191814420858
              ],
              [
                144.9175108500001,
                -37.81926839708583
              ],
              [
                144.91692446600007,
                -37.81936254608583
              ],
              [
                144.91639583800008,
                -37.81945665208585
              ],
              [
                144.91586873200004,
                -37.8195580240858
              ],
              [
                144.91533422200007,
                -37.819668279085825
              ],
              [
                144.914802989,
                -37.81978644508583
              ],
              [
                144.91411078900012,
                -37.819950337085814
              ],
              [
                144.91342412100005,
                -37.82012723908583
              ],
              [
                144.912759713,
                -37.820308341085834
              ],
              [
                144.91210339600002,
                -37.82050342508581
              ],
              [
                144.911576888,
                -37.82066948408579
              ],
              [
                144.91105285600008,
                -37.82083777008581
              ],
              [
                144.91088919000003,
                -37.820891836085835
              ],
              [
                144.91072747700002,
                -37.82094585108581
              ],
              [
                144.91055179400007,
                -37.821001783085826
              ],
              [
                144.91038711300007,
                -37.82105370008582
              ],
              [
                144.91005818400004,
                -37.82115671908582
              ],
              [
                144.90972926400002,
                -37.821259739085804
              ],
              [
                144.90944236000007,
                -37.82134169808581
              ],
              [
                144.9091524790001,
                -37.82141377908579
              ],
              [
                144.90884557700008,
                -37.82148277408579
              ],
              [
                144.90865557400002,
                -37.821485530085795
              ],
              [
                144.9070897040001,
                -37.82215041308581
              ],
              [
                144.90560280300008,
                -37.82292099108581
              ],
              [
                144.904834509,
                -37.82339776708578
              ],
              [
                144.9050866760001,
                -37.82318849608576
              ],
              [
                144.90541404500004,
                -37.8228724340858
              ],
              [
                144.90606479500002,
                -37.822244159085805
              ],
              [
                144.90664098800005,
                -37.8210052470858
              ],
              [
                144.90653399100006,
                -37.819770696085826
              ],
              [
                144.9062863160001,
                -37.81839341808583
              ],
              [
                144.90597144700007,
                -37.81709623708586
              ],
              [
                144.90562711100006,
                -37.81568248708581
              ],
              [
                144.9055639500001,
                -37.81529896008583
              ],
              [
                144.90544073,
                -37.81455074608584
              ],
              [
                144.90546808600004,
                -37.8134538480859
              ],
              [
                144.90592620200005,
                -37.8110905530859
              ],
              [
                144.90621334800005,
                -37.80980734508589
              ],
              [
                144.9063060860001,
                -37.8093929120859
              ],
              [
                144.9066841760001,
                -37.8082325070859
              ],
              [
                144.90702750700007,
                -37.807418342085896
              ],
              [
                144.90753070300002,
                -37.80622509108595
              ],
              [
                144.90752123700008,
                -37.806222185085936
              ],
              [
                144.9076136980001,
                -37.80604488108595
              ],
              [
                144.90778963500009,
                -37.80570378508596
              ],
              [
                144.90815264200012,
                -37.80483028108594
              ],
              [
                144.90869544300006,
                -37.80354672708596
              ],
              [
                144.90921987900003,
                -37.802470127085975
              ],
              [
                144.90985366100006,
                -37.80138194708597
              ],
              [
                144.91010144200004,
                -37.80101235708599
              ],
              [
                144.910167311,
                -37.80093242808596
              ],
              [
                144.91017676100012,
                -37.80091906808598
              ],
              [
                144.91018510300012,
                -37.800905706085985
              ],
              [
                144.91022268100005,
                -37.800861318086
              ],
              [
                144.91026040200006,
                -37.800812428085976
              ],
              [
                144.91031441200005,
                -37.800750317086
              ],
              [
                144.910360082,
                -37.80070156708599
              ],
              [
                144.9104034610001,
                -37.80065275608598
              ],
              [
                144.91047586800005,
                -37.80058197308597
              ],
              [
                144.91092269600006,
                -37.80012127108598
              ],
              [
                144.9109809790001,
                -37.80006822908598
              ],
              [
                144.91105752300007,
                -37.80001101308598
              ],
              [
                144.91115920100003,
                -37.799949724086
              ],
              [
                144.91130209000005,
                -37.79987565708598
              ],
              [
                144.9113182420001,
                -37.79986693608596
              ],
              [
                144.91152964200012,
                -37.79978055708597
              ],
              [
                144.91177860000005,
                -37.79969035008601
              ],
              [
                144.911902176,
                -37.79965780808597
              ],
              [
                144.9121447980001,
                -37.79959960208596
              ],
              [
                144.91235916900007,
                -37.79956171108598
              ],
              [
                144.91250966000007,
                -37.79954123708599
              ],
              [
                144.91273507000005,
                -37.79952274808598
              ],
              [
                144.91290070200012,
                -37.79953017808596
              ],
              [
                144.9130398410001,
                -37.79955065008597
              ],
              [
                144.9131343780001,
                -37.799581253086
              ],
              [
                144.91342560500004,
                -37.799725028085966
              ],
              [
                144.91348351500005,
                -37.799765822085995
              ],
              [
                144.91359650700008,
                -37.799866974085944
              ],
              [
                144.91371444700007,
                -37.79995466608597
              ],
              [
                144.9138425870001,
                -37.800042552086
              ],
              [
                144.9139451220001,
                -37.800111975086004
              ],
              [
                144.91408081600002,
                -37.80017285108597
              ],
              [
                144.91419576500004,
                -37.80020647508599
              ],
              [
                144.91431443500005,
                -37.800226600085985
              ],
              [
                144.9145880330001,
                -37.80023141108598
              ],
              [
                144.91470167500006,
                -37.800228904086
              ],
              [
                144.91475855600004,
                -37.80022540208598
              ],
              [
                144.91481101600004,
                -37.80021732208599
              ],
              [
                144.914988106,
                -37.800179890085985
              ],
              [
                144.91509028500002,
                -37.800141135085994
              ],
              [
                144.9151708820001,
                -37.800101991085974
              ],
              [
                144.9152678900001,
                -37.800045129085966
              ],
              [
                144.91534683400005,
                -37.79998343308598
              ],
              [
                144.91541332400004,
                -37.799921544085976
              ],
              [
                144.91566343400007,
                -37.799669118085944
              ],
              [
                144.91571716400006,
                -37.79961599808599
              ],
              [
                144.9158001830001,
                -37.79953185308597
              ],
              [
                144.9158737260001,
                -37.79942044808599
              ],
              [
                144.91597372800004,
                -37.799336660086
              ],
              [
                144.9160849760001,
                -37.799216969086
              ],
              [
                144.91622296700007,
                -37.79903467208596
              ],
              [
                144.91633194700012,
                -37.79883383608598
              ],
              [
                144.91640763500004,
                -37.798645942085976
              ],
              [
                144.91644806600004,
                -37.79846191808602
              ],
              [
                144.91647757662386,
                -37.79825652725422
              ],
              [
                144.91753988100004,
                -37.79841782508597
              ],
              [
                144.91771802100004,
                -37.798420453085974
              ]
            ]
          ],
          [
            [
              [
                144.94034943994933,
                -37.78760061109599
              ],
              [
                144.94029329623055,
                -37.78751918052086
              ],
              [
                144.9403082980001,
                -37.78754084308609
              ],
              [
                144.94030922800005,
                -37.787542183086074
              ],
              [
                144.94034943994933,
                -37.78760061109599
              ]
            ]
          ]
        ]
      }
    },
    {
      "type": "Feature",
      "properties": {
        "precinct_id": "parkville",
        "suburb": "Parkville",
        "boundary_source": "Vicmap Admin locality clipped to Melbourne LGA",
        "suburb_area_km2": 4.0271,
        "precinct_area_ha": 402.7088,
        "canopy_area_km2": 0.8175,
        "canopy_coverage_pct": 20.3,
        "plant_species_count": 590,
        "animal_species_count": 133,
        "plant_density_per_ha": 1.465078,
        "animal_density_per_ha": 0.330263,
        "species_density_per_ha": 1.795342,
        "pollinator_flowering_plant_species_count": 40,
        "pollinator_insect_species_count": 74,
        "relevant_bird_species_count": 59,
        "tree_record_count": 28569,
        "garden_plant_row_count": 3336,
        "canopy_polygon_count": 19758,
        "pollinator_insect_occurrence_count": 766,
        "relevant_bird_occurrence_count": 94529,
        "address_count": 3286,
        "pollination_corridor_count": null,
        "pollination_corridor_status": "not_available_until_iteration_2_review",
        "canopy_score_0_100": 76.74,
        "plant_density_score_0_100": 31.02,
        "animal_density_score_0_100": 88.26,
        "biodiversity_score_0_100": 65.34,
        "biodiversity_score_version": "v1_provisional_canopy_plant_animal"
      },
      "geometry": {
        "type": "Polygon",
        "coordinates": [
          [
            [
              144.94965238100008,
              -37.77676818208615
            ],
            [
              144.94976235800004,
              -37.77678147108618
            ],
            [
              144.96009445900006,
              -37.77802924508616
            ],
            [
              144.96009558100002,
              -37.77802936608614
            ],
            [
              144.9602059340001,
              -37.77804262908616
            ],
            [
              144.95888574600008,
              -37.78895410208609
            ],
            [
              144.95914405300005,
              -37.78967763108606
            ],
            [
              144.959212857,
              -37.78987902708608
            ],
            [
              144.9592865310001,
              -37.79005231808608
            ],
            [
              144.95932435100008,
              -37.79013245408603
            ],
            [
              144.95939612300003,
              -37.790266564086075
            ],
            [
              144.95948204400008,
              -37.790408653086075
            ],
            [
              144.95957605800004,
              -37.79054565908606
            ],
            [
              144.95968003000007,
              -37.79067968208604
            ],
            [
              144.95979198100008,
              -37.79080976808605
            ],
            [
              144.95992694000006,
              -37.79096178908607
            ],
            [
              144.9600359220001,
              -37.791070822086084
            ],
            [
              144.96019196600002,
              -37.79120877108604
            ],
            [
              144.96031595600004,
              -37.79130678808607
            ],
            [
              144.96049189300004,
              -37.79142877108605
            ],
            [
              144.96063187900006,
              -37.791513827086035
            ],
            [
              144.9607748620001,
              -37.79159379208604
            ],
            [
              144.96096879200002,
              -37.791687813086035
            ],
            [
              144.96107679700003,
              -37.791732679086024
            ],
            [
              144.9612348820001,
              -37.79179471708604
            ],
            [
              144.9613980050001,
              -37.791848785086025
            ],
            [
              144.96156219600005,
              -37.79189566608603
            ],
            [
              144.9616832600001,
              -37.791895684086015
            ],
            [
              144.96185629000001,
              -37.791900619086064
            ],
            [
              144.9620284030001,
              -37.79191258208601
            ],
            [
              144.96219934900012,
              -37.791932555086035
            ],
            [
              144.9623701910001,
              -37.79195857008604
            ],
            [
              144.9625381400001,
              -37.791991566086054
            ],
            [
              144.96270405500002,
              -37.79203056408603
            ],
            [
              144.9628670290001,
              -37.79207850808605
            ],
            [
              144.963026043,
              -37.79213153308606
            ],
            [
              144.96318197100004,
              -37.79219152408605
            ],
            [
              144.96333399800005,
              -37.79225749108606
            ],
            [
              144.96348093000006,
              -37.79232849808603
            ],
            [
              144.96362291600008,
              -37.792407558086055
            ],
            [
              144.96375887600004,
              -37.792491567086024
            ],
            [
              144.96388997600002,
              -37.792580636086036
            ],
            [
              144.96398306000003,
              -37.79265064408606
            ],
            [
              144.96410894000007,
              -37.79272961208602
            ],
            [
              144.96423992600012,
              -37.79280365408602
            ],
            [
              144.96437495600003,
              -37.79287168408604
            ],
            [
              144.9645148830001,
              -37.79293478508601
            ],
            [
              144.96465788600005,
              -37.79299181408602
            ],
            [
              144.96480584300002,
              -37.79304286208606
            ],
            [
              144.9649559500001,
              -37.79308878708605
            ],
            [
              144.96510913600002,
              -37.79312754108605
            ],
            [
              144.9652052140001,
              -37.793146476086015
            ],
            [
              144.965207146,
              -37.79314749408604
            ],
            [
              144.9645959940001,
              -37.79678523808601
            ],
            [
              144.96461089800005,
              -37.796845559086
            ],
            [
              144.96397798200007,
              -37.80042587208596
            ],
            [
              144.96113381700002,
              -37.80012137308598
            ],
            [
              144.95883084800005,
              -37.79986157908599
            ],
            [
              144.95758141300007,
              -37.79971854508598
            ],
            [
              144.9550810720001,
              -37.79944736108599
            ],
            [
              144.9547252200001,
              -37.799408277085945
            ],
            [
              144.94337122100012,
              -37.79036306608602
            ],
            [
              144.94328796000002,
              -37.79029693208607
            ],
            [
              144.94216326000003,
              -37.78941047808608
            ],
            [
              144.9408766040001,
              -37.788366581086095
            ],
            [
              144.94037955554552,
              -37.78764436909293
            ],
            [
              144.94037960000003,
              -37.78764435508605
            ],
            [
              144.94034943994933,
              -37.78760061109599
            ],
            [
              144.94030922800005,
              -37.787542183086074
            ],
            [
              144.9403082980001,
              -37.78754084308609
            ],
            [
              144.94029329623055,
              -37.78751918052086
            ],
            [
              144.94009308066305,
              -37.78722878884082
            ],
            [
              144.9400778050001,
              -37.787206604086066
            ],
            [
              144.94006998536938,
              -37.78719668672385
            ],
            [
              144.93994499400003,
              -37.787037758086065
            ],
            [
              144.9400347190001,
              -37.78698335708605
            ],
            [
              144.94003560300007,
              -37.786982832086096
            ],
            [
              144.94017891500005,
              -37.78689581708606
            ],
            [
              144.94029580500012,
              -37.78677783308609
            ],
            [
              144.94035786900008,
              -37.78662477908608
            ],
            [
              144.9403488490001,
              -37.7864479210861
            ],
            [
              144.94012085600002,
              -37.78595479108612
            ],
            [
              144.939336829,
              -37.78370180608609
            ],
            [
              144.93921454100007,
              -37.782778654086115
            ],
            [
              144.93892379600004,
              -37.781436751086105
            ],
            [
              144.93715185700012,
              -37.777962501086186
            ],
            [
              144.9370794340001,
              -37.77778692808615
            ],
            [
              144.93733705700004,
              -37.77781857708614
            ],
            [
              144.93795728800012,
              -37.77789439708614
            ],
            [
              144.93804193500011,
              -37.777906607086166
            ],
            [
              144.93801311800007,
              -37.77784808408615
            ],
            [
              144.9378287730001,
              -37.77739193808619
            ],
            [
              144.93776334200004,
              -37.77723067008619
            ],
            [
              144.9377352790001,
              -37.77714290308616
            ],
            [
              144.93770893400006,
              -37.777060897086145
            ],
            [
              144.9378138300001,
              -37.77697353808618
            ],
            [
              144.9378508000001,
              -37.77694241908617
            ],
            [
              144.93796286100007,
              -37.77683410908619
            ],
            [
              144.9380627820001,
              -37.77672071808618
            ],
            [
              144.9381130920001,
              -37.77664836308619
            ],
            [
              144.9381664860001,
              -37.77657727908618
            ],
            [
              144.93818871500002,
              -37.77652437508615
            ],
            [
              144.93820165700004,
              -37.77646771508617
            ],
            [
              144.93824605400005,
              -37.77636220908616
            ],
            [
              144.9382904910001,
              -37.77625661108616
            ],
            [
              144.93837455200003,
              -37.77619823508618
            ],
            [
              144.93841900400002,
              -37.77609271908616
            ],
            [
              144.93845005600008,
              -37.7760125100862
            ],
            [
              144.9384519140001,
              -37.776007603086185
            ],
            [
              144.93845235600008,
              -37.77600686408616
            ],
            [
              144.93846744500001,
              -37.77598087508616
            ],
            [
              144.93846753100001,
              -37.77598050808618
            ],
            [
              144.93851880600005,
              -37.77576206108617
            ],
            [
              144.93852894200006,
              -37.775674531086196
            ],
            [
              144.93855734500005,
              -37.775594562086184
            ],
            [
              144.9385781620001,
              -37.775564258086185
            ],
            [
              144.9387438860001,
              -37.77558472808616
            ],
            [
              144.93877429300005,
              -37.77558850008617
            ],
            [
              144.93880685600004,
              -37.77544757808616
            ],
            [
              144.93894507800007,
              -37.77547391908619
            ],
            [
              144.93905749600003,
              -37.7754874680862
            ],
            [
              144.9391718060001,
              -37.77550221608615
            ],
            [
              144.94362082500004,
              -37.776039641086165
            ],
            [
              144.94513630900008,
              -37.77622287808614
            ],
            [
              144.94830035100006,
              -37.776604913086175
            ],
            [
              144.94957404586108,
              -37.77675870947056
            ],
            [
              144.94965238100008,
              -37.77676818208615
            ]
          ]
        ]
      }
    },
    {
      "type": "Feature",
      "properties": {
        "precinct_id": "south_yarra",
        "suburb": "South Yarra",
        "boundary_source": "Vicmap Admin locality clipped to Melbourne LGA",
        "suburb_area_km2": 1.0613,
        "precinct_area_ha": 106.1289,
        "canopy_area_km2": 0.2696,
        "canopy_coverage_pct": 25.41,
        "plant_species_count": 289,
        "animal_species_count": 39,
        "plant_density_per_ha": 2.723102,
        "animal_density_per_ha": 0.367477,
        "species_density_per_ha": 3.09058,
        "pollinator_flowering_plant_species_count": 34,
        "pollinator_insect_species_count": 7,
        "relevant_bird_species_count": 32,
        "tree_record_count": 2588,
        "garden_plant_row_count": 359,
        "canopy_polygon_count": 5477,
        "pollinator_insect_occurrence_count": 10,
        "relevant_bird_occurrence_count": 6841,
        "address_count": 2833,
        "pollination_corridor_count": null,
        "pollination_corridor_status": "not_available_until_iteration_2_review",
        "canopy_score_0_100": 100.0,
        "plant_density_score_0_100": 74.6,
        "animal_density_score_0_100": 100.0,
        "biodiversity_score_0_100": 91.53,
        "biodiversity_score_version": "v1_provisional_canopy_plant_animal"
      },
      "geometry": {
        "type": "Polygon",
        "coordinates": [
          [
            [
              144.98490629000003,
              -37.84566947208558
            ],
            [
              144.98030453900003,
              -37.84506005008561
            ],
            [
              144.98024758700012,
              -37.84488368208563
            ],
            [
              144.98001047000002,
              -37.84423959708561
            ],
            [
              144.9798183800001,
              -37.84371775908561
            ],
            [
              144.97972210300009,
              -37.843453746085615
            ],
            [
              144.97953198100004,
              -37.84293229408564
            ],
            [
              144.97943450700006,
              -37.84266464608561
            ],
            [
              144.97934236100002,
              -37.8424123300856
            ],
            [
              144.97924609200004,
              -37.84214801408564
            ],
            [
              144.97915087100012,
              -37.84188683708562
            ],
            [
              144.97905563300003,
              -37.84162562108566
            ],
            [
              144.97886520100008,
              -37.84110329208564
            ],
            [
              144.97880112000007,
              -37.84093146808563
            ],
            [
              144.9786105170001,
              -37.84040884708568
            ],
            [
              144.97851525600004,
              -37.84014764308564
            ],
            [
              144.97833425800002,
              -37.83965143208567
            ],
            [
              144.9781339650001,
              -37.839102175085685
            ],
            [
              144.9780391260001,
              -37.838840836085666
            ],
            [
              144.97797468200008,
              -37.838664340085664
            ],
            [
              144.9778291340001,
              -37.83826604708568
            ],
            [
              144.97778390300005,
              -37.83814203108567
            ],
            [
              144.9776882860001,
              -37.83787987108569
            ],
            [
              144.9774973090001,
              -37.83735648308566
            ],
            [
              144.97742170800007,
              -37.837160975085666
            ],
            [
              144.97625029800008,
              -37.83701034808569
            ],
            [
              144.9765649630001,
              -37.835477656085686
            ],
            [
              144.97645427500004,
              -37.835464491085695
            ],
            [
              144.97598400200002,
              -37.8354034410857
            ],
            [
              144.97598680800002,
              -37.835389925085686
            ],
            [
              144.97592010800008,
              -37.83538145008566
            ],
            [
              144.97588203100008,
              -37.83537718808571
            ],
            [
              144.97587421800006,
              -37.83535930608571
            ],
            [
              144.9758638950001,
              -37.835336333085706
            ],
            [
              144.97585620000007,
              -37.8353170580857
            ],
            [
              144.97582016,
              -37.835235979085674
            ],
            [
              144.9758138310001,
              -37.83522149208569
            ],
            [
              144.97581378400002,
              -37.83521610708567
            ],
            [
              144.97581339500005,
              -37.83519394808572
            ],
            [
              144.97586583600003,
              -37.834943639085694
            ],
            [
              144.97589059400002,
              -37.83485387108567
            ],
            [
              144.9766746560001,
              -37.83494894008568
            ],
            [
              144.97763076400008,
              -37.8350725320857
            ],
            [
              144.97860164300005,
              -37.83520000708569
            ],
            [
              144.97890544100005,
              -37.8336798390857
            ],
            [
              144.97890446100007,
              -37.83367891008569
            ],
            [
              144.98253383300005,
              -37.834144214085725
            ],
            [
              144.98367785400012,
              -37.83429268708569
            ],
            [
              144.9848511230001,
              -37.82835184608576
            ],
            [
              144.9849862310001,
              -37.82767347908573
            ],
            [
              144.98503875000006,
              -37.82768775908575
            ],
            [
              144.98571221500004,
              -37.82786936008576
            ],
            [
              144.98616315800007,
              -37.82808762708572
            ],
            [
              144.98660756200002,
              -37.828405254085745
            ],
            [
              144.9878003550001,
              -37.82954654908575
            ],
            [
              144.987918744,
              -37.829655506085764
            ],
            [
              144.98792198400008,
              -37.82965976008574
            ],
            [
              144.98792088400012,
              -37.82967138608574
            ],
            [
              144.98784655400004,
              -37.82999746108571
            ],
            [
              144.9878399160001,
              -37.83002543508575
            ],
            [
              144.9878241120001,
              -37.8301000120857
            ],
            [
              144.9878134600001,
              -37.83017959808574
            ],
            [
              144.98780719900003,
              -37.83025502708572
            ],
            [
              144.9878053650001,
              -37.830330511085705
            ],
            [
              144.98780805,
              -37.830405871085745
            ],
            [
              144.98781543100006,
              -37.83048118308573
            ],
            [
              144.98782734300005,
              -37.83055615408573
            ],
            [
              144.98784378100004,
              -37.83063062208571
            ],
            [
              144.98786473200005,
              -37.83070444708572
            ],
            [
              144.9878883440001,
              -37.830776093085696
            ],
            [
              144.9879009670001,
              -37.83082086508572
            ],
            [
              144.98791971900005,
              -37.83089796508572
            ],
            [
              144.98793427700002,
              -37.83097546208573
            ],
            [
              144.98794310100004,
              -37.83105266208575
            ],
            [
              144.98794727000006,
              -37.83113053008576
            ],
            [
              144.98794710900006,
              -37.83120871808573
            ],
            [
              144.98794223700008,
              -37.83128622408568
            ],
            [
              144.98793287800004,
              -37.83136389108573
            ],
            [
              144.98791919000007,
              -37.83144048608571
            ],
            [
              144.98770455200008,
              -37.83249062708572
            ],
            [
              144.9872623330001,
              -37.834764316085696
            ],
            [
              144.9865251660001,
              -37.83832169108567
            ],
            [
              144.9861035460001,
              -37.84040888208564
            ],
            [
              144.9850229210001,
              -37.84568738408561
            ],
            [
              144.98490629000003,
              -37.84566947208558
            ]
          ]
        ]
      }
    },
    {
      "type": "Feature",
      "properties": {
        "precinct_id": "southbank",
        "suburb": "Southbank",
        "boundary_source": "Vicmap Admin locality clipped to Melbourne LGA",
        "suburb_area_km2": 1.309,
        "precinct_area_ha": 130.8958,
        "canopy_area_km2": 0.139,
        "canopy_coverage_pct": 10.62,
        "plant_species_count": 302,
        "animal_species_count": 37,
        "plant_density_per_ha": 2.307178,
        "animal_density_per_ha": 0.282668,
        "species_density_per_ha": 2.589846,
        "pollinator_flowering_plant_species_count": 30,
        "pollinator_insect_species_count": 13,
        "relevant_bird_species_count": 24,
        "tree_record_count": 2325,
        "garden_plant_row_count": 572,
        "canopy_polygon_count": 5266,
        "pollinator_insect_occurrence_count": 26,
        "relevant_bird_occurrence_count": 1215,
        "address_count": 2841,
        "pollination_corridor_count": null,
        "pollination_corridor_status": "not_available_until_iteration_2_review",
        "canopy_score_0_100": 32.68,
        "plant_density_score_0_100": 60.19,
        "animal_density_score_0_100": 73.26,
        "biodiversity_score_0_100": 55.38,
        "biodiversity_score_version": "v1_provisional_canopy_plant_animal"
      },
      "geometry": {
        "type": "MultiPolygon",
        "coordinates": [
          [
            [
              [
                144.94993555100007,
                -37.82712282308575
              ],
              [
                144.94994884300002,
                -37.82711734508577
              ],
              [
                144.94996255400008,
                -37.82711253908577
              ],
              [
                144.94997664000005,
                -37.827108416085764
              ],
              [
                144.94999103400005,
                -37.82710500008575
              ],
              [
                144.9500057150001,
                -37.82710230008578
              ],
              [
                144.9500205700001,
                -37.82710035308578
              ],
              [
                144.95003556100005,
                -37.82709914908578
              ],
              [
                144.95005061300003,
                -37.827098694085755
              ],
              [
                144.9500656780001,
                -37.82709898908576
              ],
              [
                144.95008071000007,
                -37.82710005408577
              ],
              [
                144.95009559900006,
                -37.82710186208573
              ],
              [
                144.95011031,
                -37.82710440808576
              ],
              [
                144.95012476800002,
                -37.82710767608575
              ],
              [
                144.95013895500006,
                -37.827111673085774
              ],
              [
                144.95015275000003,
                -37.82711635708575
              ],
              [
                144.95016613600012,
                -37.827121711085745
              ],
              [
                144.95017904600002,
                -37.82712770508575
              ],
              [
                144.95019145800006,
                -37.82713432908578
              ],
              [
                144.95020328600003,
                -37.827141546085734
              ],
              [
                144.9502144910001,
                -37.82714930808573
              ],
              [
                144.950225057,
                -37.827157600085755
              ],
              [
                144.95023493500003,
                -37.827166379085725
              ],
              [
                144.950244085,
                -37.827175602085745
              ],
              [
                144.95026426864638,
                -37.82719729015873
              ],
              [
                144.94990154200002,
                -37.82714079508578
              ],
              [
                144.94989926807443,
                -37.827140441336304
              ],
              [
                144.94991048300005,
                -37.827135657085776
              ],
              [
                144.9499227560001,
                -37.827128939085775
              ],
              [
                144.94993555100007,
                -37.82712282308575
              ]
            ]
          ],
          [
            [
              [
                144.94911503600008,
                -37.82701802808573
              ],
              [
                144.9491384936138,
                -37.82702208936962
              ],
              [
                144.94913762400006,
                -37.82702195408577
              ],
              [
                144.94911503600008,
                -37.82701802808573
              ]
            ]
          ],
          [
            [
              [
                144.94693951088945,
                -37.82680799793185
              ],
              [
                144.94693967000012,
                -37.82680707208576
              ],
              [
                144.94743584900004,
                -37.82683723408577
              ],
              [
                144.94693951088945,
                -37.82680799793185
              ]
            ]
          ],
          [
            [
              [
                144.9530789920001,
                -37.82739868208576
              ],
              [
                144.9532755470001,
                -37.82727393908574
              ],
              [
                144.95404055300003,
                -37.82678877908576
              ],
              [
                144.95443079000006,
                -37.82654121708573
              ],
              [
                144.95499906500004,
                -37.826180715085755
              ],
              [
                144.95530051100002,
                -37.8259697140858
              ],
              [
                144.95597840800008,
                -37.82547100408575
              ],
              [
                144.95622965300004,
                -37.82531795208579
              ],
              [
                144.95595371900004,
                -37.824714347085745
              ],
              [
                144.9565011640001,
                -37.82455635908579
              ],
              [
                144.95665850700004,
                -37.82451014808575
              ],
              [
                144.95599224800003,
                -37.82307921808581
              ],
              [
                144.95620686200004,
                -37.82297912608578
              ],
              [
                144.95741696400012,
                -37.82239074108582
              ],
              [
                144.95862719100012,
                -37.821802752085766
              ],
              [
                144.959914055,
                -37.8211799740858
              ],
              [
                144.9612004180001,
                -37.820555125085775
              ],
              [
                144.9618998620001,
                -37.82040515208582
              ],
              [
                144.9626028770001,
                -37.82025816708582
              ],
              [
                144.9633709210001,
                -37.8201021990858
              ],
              [
                144.964142121,
                -37.81994705708583
              ],
              [
                144.9647377770001,
                -37.81982168508581
              ],
              [
                144.96533335700008,
                -37.819693252085834
              ],
              [
                144.96559527400007,
                -37.81963596908584
              ],
              [
                144.96585686600008,
                -37.819578173085816
              ],
              [
                144.96604405800008,
                -37.81953777908582
              ],
              [
                144.96623435300012,
                -37.81950031308584
              ],
              [
                144.96633839100002,
                -37.81948423908582
              ],
              [
                144.966443926,
                -37.8194691520858
              ],
              [
                144.96697183700007,
                -37.8193968620858
              ],
              [
                144.96750012000007,
                -37.81932777508583
              ],
              [
                144.96779072700008,
                -37.81929301408583
              ],
              [
                144.9680817530001,
                -37.819260102085835
              ],
              [
                144.96826475500006,
                -37.81924274708583
              ],
              [
                144.9689407200001,
                -37.82071959308582
              ],
              [
                144.96975547300008,
                -37.822507794085816
              ],
              [
                144.970127272,
                -37.82331580708579
              ],
              [
                144.970932521,
                -37.825070374085755
              ],
              [
                144.97104871700003,
                -37.82535985008578
              ],
              [
                144.971149759,
                -37.82565381108579
              ],
              [
                144.97123334200012,
                -37.82594818608575
              ],
              [
                144.97127766000006,
                -37.826125692085746
              ],
              [
                144.97131559000002,
                -37.82630038108575
              ],
              [
                144.9713504880001,
                -37.82650136608574
              ],
              [
                144.97137657700011,
                -37.826678367085734
              ],
              [
                144.9713994020001,
                -37.826879681085764
              ],
              [
                144.97141227600002,
                -37.82705661608579
              ],
              [
                144.97142168400012,
                -37.827260007085734
              ],
              [
                144.97142411100003,
                -37.82743751308574
              ],
              [
                144.97142109700007,
                -37.82747854308577
              ],
              [
                144.97133405500006,
                -37.82865275808575
              ],
              [
                144.9713221720001,
                -37.82980513008574
              ],
              [
                144.97132155600002,
                -37.82989486808571
              ],
              [
                144.97051663500008,
                -37.83012841308571
              ],
              [
                144.9705165050001,
                -37.83012845308575
              ],
              [
                144.97041002600008,
                -37.830159353085705
              ],
              [
                144.9703038880001,
                -37.83019011508576
              ],
              [
                144.97029809800006,
                -37.83019179508572
              ],
              [
                144.9694151970001,
                -37.83044806108573
              ],
              [
                144.96584504300006,
                -37.83148224408572
              ],
              [
                144.9631968340001,
                -37.82880813108574
              ],
              [
                144.963190864,
                -37.8288048380857
              ],
              [
                144.96278596000002,
                -37.82858104608573
              ],
              [
                144.9627859219843,
                -37.82858105742574
              ],
              [
                144.9623965300001,
                -37.828365870085754
              ],
              [
                144.9622371690001,
                -37.82833459408573
              ],
              [
                144.96205732500005,
                -37.82823051608573
              ],
              [
                144.961891701,
                -37.82815865808574
              ],
              [
                144.96187344700002,
                -37.828154011085765
              ],
              [
                144.96183750700004,
                -37.82814615108572
              ],
              [
                144.9618347160001,
                -37.828145626085764
              ],
              [
                144.96179767400008,
                -37.828138614085745
              ],
              [
                144.96175679500004,
                -37.82813204808577
              ],
              [
                144.9617153700001,
                -37.82812655808573
              ],
              [
                144.96169814400002,
                -37.828123867085765
              ],
              [
                144.9616516750001,
                -37.82812070608577
              ],
              [
                144.9616486550001,
                -37.82812033508577
              ],
              [
                144.96162690500012,
                -37.82811815308577
              ],
              [
                144.96150999200006,
                -37.828112339085756
              ],
              [
                144.9613929520001,
                -37.82811602908573
              ],
              [
                144.96131865200005,
                -37.82812331908576
              ],
              [
                144.96127757400006,
                -37.82812467908576
              ],
              [
                144.96117189500012,
                -37.82814175508577
              ],
              [
                144.96106732900012,
                -37.82816194208574
              ],
              [
                144.9609833510001,
                -37.82817619508574
              ],
              [
                144.96096390500009,
                -37.828185906085764
              ],
              [
                144.96090246500012,
                -37.82820198008574
              ],
              [
                144.9601143320001,
                -37.828401204085765
              ],
              [
                144.96007572200006,
                -37.82840987308571
              ],
              [
                144.95999562600002,
                -37.82842842608574
              ],
              [
                144.95992040400006,
                -37.82844245308576
              ],
              [
                144.95976783800006,
                -37.828471615085725
              ],
              [
                144.95960609700012,
                -37.82849724808574
              ],
              [
                144.9594478990001,
                -37.82851945608576
              ],
              [
                144.95928872800005,
                -37.82853766308574
              ],
              [
                144.95924807000006,
                -37.828541431085746
              ],
              [
                144.9592110000001,
                -37.82854543308576
              ],
              [
                144.95912920700005,
                -37.828552632085746
              ],
              [
                144.95907868200004,
                -37.82855685708574
              ],
              [
                144.95889556500003,
                -37.828568495085726
              ],
              [
                144.95871347700006,
                -37.828578356085764
              ],
              [
                144.95871249300012,
                -37.828578196085736
              ],
              [
                144.95852902700005,
                -37.82858152808575
              ],
              [
                144.9584569530001,
                -37.82858232508573
              ],
              [
                144.95827347800002,
                -37.82858196308576
              ],
              [
                144.95809016200008,
                -37.828578223085735
              ],
              [
                144.9579063750001,
                -37.82857032008576
              ],
              [
                144.95774834500003,
                -37.82856093508576
              ],
              [
                144.95750042200007,
                -37.82854269108578
              ],
              [
                144.95729660900008,
                -37.82852358708573
              ],
              [
                144.9570762720001,
                -37.828501246085736
              ],
              [
                144.95689645100003,
                -37.82847896108575
              ],
              [
                144.9566313240001,
                -37.828443557085734
              ],
              [
                144.95651170000008,
                -37.82842515308574
              ],
              [
                144.95639420600003,
                -37.82840678008574
              ],
              [
                144.956188407,
                -37.828371875085736
              ],
              [
                144.9560638590001,
                -37.82834727408573
              ],
              [
                144.955836685,
                -37.82830409208571
              ],
              [
                144.95561200100008,
                -37.82825695708573
              ],
              [
                144.95529286400006,
                -37.828188444085754
              ],
              [
                144.95508475100007,
                -37.82814141408574
              ],
              [
                144.9528877350001,
                -37.82764977608577
              ],
              [
                144.95256109800005,
                -37.82758236108573
              ],
              [
                144.95243286200002,
                -37.82756018408578
              ],
              [
                144.9517850850001,
                -37.82744884208576
              ],
              [
                144.95141274000002,
                -37.82738512208574
              ],
              [
                144.9510055290001,
                -37.827316141085774
              ],
              [
                144.9509702140001,
                -37.82730982208574
              ],
              [
                144.95096247709108,
                -37.82730857062826
              ],
              [
                144.95096714400006,
                -37.82730499108573
              ],
              [
                144.95243755600006,
                -37.82755512408574
              ],
              [
                144.9530789920001,
                -37.82739868208576
              ]
            ]
          ]
        ]
      }
    }
  ]
}
